algorithm,data_path,approach,data_label,join_time,total_time,feature_selection_time,depth,accuracy,train_time,feature_importance,join_path_features,cutoff_threshold,redundancy_threshold,rank
ExtraTrees,table_0_0--Key_0_0-table_1_1.csv--Key_0_0-table_1_1.csv--Key_0_0-table_1_2.csv--Key_0_0-table_1_2.csv,MAB,credit,,8.91,8.91,,0.65,0,"{'credit/table_1_1.housing': 0.08975, 'credit/table_0_0.employment': 0.07049999999999998, 'Key_0_0': 0.06275000000000001, 'credit/table_1_1.Key_1_1': 0.0615, 'credit/table_1_2.own_telephone': 0.05800000000000001, 'credit/table_1_1.job': 0.05425000000000002, 'credit/table_0_0.residence_since': 0.053500000000000034, 'credit/table_1_2.Key_1_2': 0.05325000000000002, 'credit/table_1_2.existing_credits': 0.050999999999999976, 'credit/table_1_2.other_payment_plans': 0.04024999999999999, 'credit/table_0_0.num_dependents': 0.024499999999999987, 'credit/table_1_1.other_parties': 0.016250000000000007}","['credit/table_0_0.class', 'credit/table_0_0.residence_since', 'credit/table_0_0.num_dependents', 'credit/table_0_0.employment', 'Key_0_0', 'credit/table_1_1.Key_1_1', 'credit/table_1_1.housing', 'credit/table_1_1.job', 'credit/table_1_1.other_parties', 'credit/table_1_2.own_telephone', 'credit/table_1_2.Key_1_2', 'credit/table_1_2.existing_credits', 'credit/table_1_2.other_payment_plans']",,,
XGBoost,table_0_0--Key_0_0-table_1_1.csv--Key_0_0-table_1_1.csv--Key_0_0-table_1_2.csv--Key_0_0-table_1_2.csv,MAB,credit,,8.08,8.08,,0.685,0,"{'credit/table_1_1.housing': 0.08700000000000001, 'credit/table_1_1.Key_1_1': 0.049250000000000016, 'credit/table_1_2.Key_1_2': 0.041000000000000016, 'credit/table_1_2.other_payment_plans': 0.040000000000000036, 'Key_0_0': 0.03450000000000002, 'credit/table_0_0.employment': 0.028750000000000008, 'credit/table_1_2.own_telephone': 0.012999999999999966, 'credit/table_0_0.residence_since': 0.011000000000000032, 'credit/table_1_1.job': 0.01100000000000001, 'credit/table_1_2.existing_credits': 0.008250000000000025, 'credit/table_0_0.num_dependents': 0.0, 'credit/table_1_1.other_parties': -0.0004999999999999894}","['credit/table_0_0.class', 'credit/table_0_0.residence_since', 'credit/table_0_0.num_dependents', 'credit/table_0_0.employment', 'Key_0_0', 'credit/table_1_1.housing', 'credit/table_1_1.Key_1_1', 'credit/table_1_1.other_parties', 'credit/table_1_1.job', 'credit/table_1_2.Key_1_2', 'credit/table_1_2.other_payment_plans', 'credit/table_1_2.own_telephone', 'credit/table_1_2.existing_credits']",,,
LightGBM,table_0_0--Key_0_0-table_1_1.csv--Key_0_0-table_1_1.csv--Key_0_0-table_1_2.csv--Key_0_0-table_1_2.csv,MAB,credit,,5.7,5.7,,0.665,0,"{'credit/table_1_1.housing': 0.02725000000000004, 'credit/table_1_2.Key_1_2': 0.019750000000000045, 'credit/table_1_1.Key_1_1': 0.016000000000000014, 'credit/table_0_0.employment': 0.013250000000000007, 'Key_0_0': 0.010250000000000047, 'credit/table_0_0.residence_since': 0.006000000000000072, 'credit/table_1_2.own_telephone': 0.003250000000000042, 'credit/table_1_2.existing_credits': 0.0025000000000000577, 'credit/table_1_1.other_parties': 0.0012500000000000623, 'credit/table_0_0.num_dependents': 0.0007500000000000506, 'credit/table_1_2.other_payment_plans': 4.4408920985006264e-17, 'credit/table_1_1.job': 0.0}","['credit/table_0_0.class', 'credit/table_0_0.residence_since', 'credit/table_0_0.num_dependents', 'credit/table_0_0.employment', 'Key_0_0', 'credit/table_1_1.Key_1_1', 'credit/table_1_1.housing', 'credit/table_1_1.other_parties', 'credit/table_1_1.job', 'credit/table_1_2.Key_1_2', 'credit/table_1_2.own_telephone', 'credit/table_1_2.existing_credits', 'credit/table_1_2.other_payment_plans']",,,
RandomForest,table_0_0--Key_0_0-table_1_1.csv--Key_0_0-table_1_1.csv--Key_0_0-table_1_2.csv--Key_0_0-table_1_2.csv,MAB,credit,,9.11,9.11,,0.68,0,"{'Key_0_0': 0.08524999999999998, 'credit/table_1_2.Key_1_2': 0.07549999999999997, 'credit/table_1_1.Key_1_1': 0.07074999999999998, 'credit/table_1_1.housing': 0.059499999999999977, 'credit/table_0_0.employment': 0.05224999999999998, 'credit/table_1_1.job': 0.03299999999999996, 'credit/table_0_0.residence_since': 0.03199999999999996, 'credit/table_1_2.other_payment_plans': 0.028749999999999942, 'credit/table_1_2.existing_credits': 0.014749999999999952, 'credit/table_1_2.own_telephone': 0.010499999999999976, 'credit/table_0_0.num_dependents': 0.009249999999999958, 'credit/table_1_1.other_parties': 0.003999999999999959}","['credit/table_0_0.class', 'credit/table_0_0.residence_since', 'credit/table_0_0.num_dependents', 'credit/table_0_0.employment', 'Key_0_0', 'credit/table_1_1.Key_1_1', 'credit/table_1_1.housing', 'credit/table_1_1.job', 'credit/table_1_1.other_parties', 'credit/table_1_2.Key_1_2', 'credit/table_1_2.other_payment_plans', 'credit/table_1_2.existing_credits', 'credit/table_1_2.own_telephone']",,,
ExtraTrees,table_0_0--Key_0_0-table_1_1.csv--Key_0_0-table_1_2.csv--Key_0_0-table_1_3.csv,MAB,steel,,7.98,7.98,,0.6966580976863753,0,"{'V20': 0.08079896907216488, 'V21': 0.04226804123711336, 'V25': 0.03350515463917525, 'Key_0_0': 0.03028350515463918, 'V16': 0.027706185567010322, 'Key_1_3': 0.0259020618556701, 'Key_1_1': 0.02293814432989687, 'Key_1_2': 0.02126288659793809, 'V26': 0.018943298969072098, 'V10': 0.017525773195876226, 'V12': 0.013402061855670055, 'V13': 0.006314432989690699}","['Class', 'V13', 'V12', 'Key_0_0', 'V10', 'Key_1_1', 'V21', 'V25', 'V26', 'Key_1_2', 'V20', 'V16', 'Key_1_3']",,,
XGBoost,table_0_0--Key_0_0-table_1_1.csv--Key_0_0-table_1_2.csv--Key_0_0-table_1_3.csv,MAB,steel,,5.47,5.47,,0.6735218508997429,0,"{'V20': 0.147680412371134, 'V25': 0.05167525773195871, 'V13': 0.05064432989690717, 'V26': 0.04793814432989685, 'V10': 0.025515463917525773, 'V16': 0.023195876288659777, 'Key_1_3': 0.012371134020618513, 'Key_1_1': 0.010824742268041199, 'Key_0_0': 0.006185567010309256, 'Key_1_2': 0.002577319587628857, 'V12': 0.0, 'V21': 0.0}","['Class', 'V13', 'V12', 'Key_0_0', 'V10', 'Key_1_1', 'V21', 'V26', 'V25', 'Key_1_2', 'V20', 'V16', 'Key_1_3']",,,
LightGBM,table_0_0--Key_0_0-table_1_1.csv--Key_0_0-table_1_2.csv--Key_0_0-table_1_3.csv,MAB,steel,,3.36,3.36,,0.6915167095115681,0,"{'V20': 0.12448453608247426, 'V13': 0.05309278350515467, 'V26': 0.04974226804123716, 'V25': 0.046391752577319645, 'V10': 0.04046391752577323, 'V16': 0.032860824742268036, 'Key_1_3': 0.028737113402061865, 'Key_0_0': 0.02126288659793818, 'Key_1_1': 0.017912371134020666, 'Key_1_2': 0.013788659793814495, 'V12': 0.0006443298969072142, 'V21': 0.0}","['Class', 'V13', 'V12', 'Key_0_0', 'V10', 'Key_1_1', 'V21', 'V26', 'V25', 'Key_1_2', 'V20', 'V16', 'Key_1_3']",,,
RandomForest,table_0_0--Key_0_0-table_1_1.csv--Key_0_0-table_1_2.csv--Key_0_0-table_1_3.csv,MAB,steel,,9.18,9.18,,0.7146529562982005,0,"{'V20': 0.09987113402061853, 'V16': 0.040592783505154606, 'V26': 0.03994845360824739, 'V10': 0.03762886597938142, 'V25': 0.03634020618556699, 'Key_0_0': 0.023582474226804106, 'Key_1_3': 0.014304123711340155, 'Key_1_2': 0.010309278350515427, 'Key_1_1': 0.009922680412371099, 'V13': 0.0029639175257731853, 'V12': 0.0012886597938144284, 'V21': -0.0006443298969072142}","['Class', 'V13', 'V12', 'Key_0_0', 'V10', 'Key_1_1', 'V21', 'V26', 'V25', 'Key_1_2', 'V20', 'V16', 'Key_1_3']",,,
ExtraTrees,table_0_0--Key_0_0-table_1_1.csv--Key_0_0-table_1_1.csv--Key_0_0-table_1_2.csv--Key_0_0-table_1_3.csv--Key_0_0-table_1_3.csv,MAB,jannis,,174.26,174.26,,0.544373046196596,0,"{'V4': 0.06011999999999997, 'V29': 0.0011999999999999789, 'V53': 0.0008799999999999697, 'Key_0_0': 0.00043999999999995155, 'V42': 0.00040000000000000034, 'V40': 0.00039999999999997817, 'V54': 0.00035999999999998257, 'V46': 0.0002799999999999692, 'V43': 0.00023999999999997358, 'V48': 0.00019999999999997797, 'Key_1_3': 0.00015999999999998237, 'Key_1_1': 0.00011999999999998679, 'V32': 0.00011999999999996458, 'V35': 3.999999999997339e-05, 'Key_1_2': 3.999999999997339e-05, 'V37': -4.00000000000178e-05, 'V31': -4.0000000000040004e-05, 'V49': -8.00000000000356e-05, 'V33': -0.00036000000000002697, 'V38': -0.00040000000000000034}","['class', 'V4', 'V46', 'V54', 'V42', 'Key_0_0', 'Key_1_1', 'V31', 'V49', 'V32', 'V35', 'V29', 'Key_1_2', 'V38', 'V43', 'V40', 'V37', 'V48', 'V33', 'V53', 'Key_1_3']",,,
XGBoost,table_0_0--Key_0_0-table_1_1.csv--Key_0_0-table_1_1.csv--Key_0_0-table_1_2.csv--Key_0_0-table_1_3.csv--Key_0_0-table_1_3.csv,MAB,jannis,,28.53,28.53,,0.5592219520666898,0,"{'V4': 0.08911999999999998, 'V32': 0.004359999999999986, 'V38': 0.004279999999999973, 'Key_0_0': 0.0032399999999999764, 'V33': 0.0023199999999999666, 'V53': 0.002239999999999953, 'V31': 0.0021999999999999576, 'V46': 0.0017999999999999572, 'V54': 0.0017199999999999882, 'V37': 0.0016399999999999748, 'V42': 0.0011599999999999833, 'Key_1_3': 0.0011599999999999833, 'V40': 0.0010399999999999964, 'V29': 0.0010399999999999743, 'Key_1_2': 0.001039999999999952, 'V49': 0.0009599999999999831, 'V43': 0.0008799999999999697, 'Key_1_1': 0.0007199999999999651, 'V35': 0.0004399999999999737, 'V48': 0.00035999999999998257}","['class', 'V4', 'V46', 'V54', 'V42', 'Key_0_0', 'V31', 'V32', 'V49', 'V35', 'Key_1_1', 'V38', 'V29', 'V40', 'Key_1_2', 'V43', 'V33', 'V53', 'V37', 'Key_1_3', 'V48']",,,
LightGBM,table_0_0--Key_0_0-table_1_1.csv--Key_0_0-table_1_1.csv--Key_0_0-table_1_2.csv--Key_0_0-table_1_3.csv--Key_0_0-table_1_3.csv,MAB,jannis,,17.27,17.27,,0.5545328238971865,0,"{'V4': 0.07895999999999996, 'V33': 0.002639999999999998, 'Key_0_0': 0.0016399999999999748, 'V42': 0.0012399999999999523, 'V29': 0.0011999999999999789, 'V31': 0.0009599999999999831, 'V53': 0.0009199999999999653, 'V37': 0.0007599999999999607, 'V46': 0.0006799999999999695, 'V35': 0.0006399999999999961, 'Key_1_2': 0.0005199999999999872, 'V49': 0.0005199999999999649, 'Key_1_3': 0.00035999999999998257, 'V38': 0.00031999999999996474, 'V43': 0.00027999999999999136, 'V40': 0.00015999999999998237, 'Key_1_1': 0.00011999999999996458, 'V32': 0.0, 'V54': 0.0, 'V48': 0.0}","['class', 'V4', 'V46', 'V54', 'V42', 'Key_0_0', 'V32', 'V31', 'V49', 'V35', 'Key_1_1', 'V38', 'V40', 'V43', 'V29', 'Key_1_2', 'V33', 'V53', 'V37', 'Key_1_3', 'V48']",,,
RandomForest,table_0_0--Key_0_0-table_1_1.csv--Key_0_0-table_1_1.csv--Key_0_0-table_1_2.csv--Key_0_0-table_1_3.csv--Key_0_0-table_1_3.csv,MAB,jannis,,221.82,221.82,,0.5501910385550538,0,"{'V4': 0.23491999999999996, 'V33': 0.0009200000000000097, 'V43': 0.0008400000000000407, 'Key_0_0': 0.00032000000000003136, 'V46': 0.00027999999999999136, 'Key_1_3': 0.00023999999999999578, 'V29': 0.00011999999999998679, 'V49': 7.999999999999118e-05, 'V48': 4.0000000000040004e-05, 'V35': 3.999999999999559e-05, 'V42': 2.2204460492503132e-17, 'V31': 0.0, 'V40': -3.999999999997339e-05, 'V53': -7.999999999999118e-05, 'V32': -0.00015999999999998237, 'V38': -0.00023999999999995135, 'Key_1_2': -0.00023999999999997358, 'Key_1_1': -0.0002799999999999692, 'V54': -0.00027999999999999136, 'V37': -0.00027999999999999136}","['class', 'V4', 'V46', 'V54', 'V42', 'Key_0_0', 'V35', 'V31', 'Key_1_1', 'V32', 'V49', 'V43', 'Key_1_2', 'V38', 'V29', 'V40', 'V33', 'Key_1_3', 'V53', 'V48', 'V37']",,,
ExtraTrees,table_0_0--Key_0_0-table_1_1.csv--Key_0_0-table_1_1.csv--Key_0_0-table_1_2.csv--Key_0_0-table_1_2.csv--Key_0_0-table_1_3.csv--Key_0_0-table_1_3.csv,MAB,miniboone,,156.91,156.91,,0.8713013698630137,0,"{'ParticleID_0': 0.13467999999999997, 'ParticleID_1': 0.09527999999999999, 'ParticleID_17': 0.04379999999999999, 'ParticleID_19': 0.03831999999999998, 'ParticleID_32': 0.036719999999999975, 'ParticleID_30': 0.034319999999999996, 'ParticleID_43': 0.028159999999999984, 'ParticleID_37': 0.02792000000000001, 'ParticleID_47': 0.027839999999999976, 'ParticleID_33': 0.023239999999999993, 'ParticleID_40': 0.017679999999999963, 'ParticleID_48': 0.01419999999999999, 'Key_1_1': 0.007519999999999994, 'Key_1_2': 0.007359999999999989, 'Key_1_3': 0.00723999999999998, 'Key_0_0': 0.006679999999999997}","['signal', 'ParticleID_19', 'ParticleID_33', 'ParticleID_43', 'Key_0_0', 'ParticleID_47', 'ParticleID_30', 'ParticleID_40', 'Key_1_1', 'ParticleID_0', 'ParticleID_37', 'ParticleID_48', 'Key_1_2', 'ParticleID_1', 'ParticleID_17', 'ParticleID_32', 'Key_1_3']",,,
XGBoost,table_0_0--Key_0_0-table_1_1.csv--Key_0_0-table_1_1.csv--Key_0_0-table_1_2.csv--Key_0_0-table_1_2.csv--Key_0_0-table_1_3.csv--Key_0_0-table_1_3.csv,MAB,miniboone,,39.6,39.6,,0.8797945205479452,0,"{'ParticleID_1': 0.1416, 'ParticleID_0': 0.11443999999999999, 'ParticleID_17': 0.07067999999999999, 'ParticleID_19': 0.039880000000000006, 'ParticleID_43': 0.026839999999999975, 'ParticleID_30': 0.015559999999999996, 'ParticleID_47': 0.012359999999999993, 'ParticleID_33': 0.011920000000000019, 'ParticleID_40': 0.011919999999999997, 'ParticleID_37': 0.01040000000000001, 'ParticleID_48': 0.01040000000000001, 'ParticleID_32': 0.010280000000000022, 'Key_0_0': 0.0035600000000000076, 'Key_1_2': 0.0029999999999999805, 'Key_1_1': 0.0024399999999999977, 'Key_1_3': 0.0020399999999999975}","['signal', 'ParticleID_19', 'ParticleID_33', 'ParticleID_43', 'Key_0_0', 'ParticleID_47', 'ParticleID_30', 'ParticleID_40', 'Key_1_1', 'ParticleID_0', 'ParticleID_37', 'ParticleID_48', 'Key_1_2', 'ParticleID_1', 'ParticleID_17', 'ParticleID_32', 'Key_1_3']",,,
LightGBM,table_0_0--Key_0_0-table_1_1.csv--Key_0_0-table_1_1.csv--Key_0_0-table_1_2.csv--Key_0_0-table_1_2.csv--Key_0_0-table_1_3.csv--Key_0_0-table_1_3.csv,MAB,miniboone,,35.14,35.14,,0.8792465753424658,0,"{'ParticleID_1': 0.13496000000000002, 'ParticleID_0': 0.10404, 'ParticleID_17': 0.06927999999999998, 'ParticleID_19': 0.03660000000000001, 'ParticleID_43': 0.02515999999999998, 'ParticleID_30': 0.013960000000000018, 'ParticleID_33': 0.01344000000000003, 'ParticleID_37': 0.010840000000000006, 'ParticleID_47': 0.010600000000000009, 'ParticleID_32': 0.010519999999999996, 'ParticleID_48': 0.009159999999999991, 'ParticleID_40': 0.008240000000000025, 'Key_1_2': 0.0028400000000000205, 'Key_1_1': 0.0027200000000000115, 'Key_1_3': 0.0014800000000000147, 'Key_0_0': 0.00132000000000001}","['signal', 'ParticleID_19', 'ParticleID_33', 'ParticleID_43', 'Key_0_0', 'ParticleID_47', 'ParticleID_30', 'ParticleID_40', 'Key_1_1', 'ParticleID_0', 'ParticleID_37', 'ParticleID_48', 'Key_1_2', 'ParticleID_1', 'ParticleID_17', 'ParticleID_32', 'Key_1_3']",,,
RandomForest,table_0_0--Key_0_0-table_1_1.csv--Key_0_0-table_1_1.csv--Key_0_0-table_1_2.csv--Key_0_0-table_1_2.csv--Key_0_0-table_1_3.csv--Key_0_0-table_1_3.csv,MAB,miniboone,,168.29,168.29,,0.8765753424657534,0,"{'ParticleID_1': 0.16151999999999997, 'ParticleID_0': 0.15219999999999997, 'ParticleID_17': 0.09276, 'ParticleID_19': 0.05599999999999998, 'ParticleID_43': 0.03155999999999999, 'ParticleID_30': 0.029360000000000032, 'ParticleID_47': 0.02200000000000002, 'ParticleID_37': 0.02155999999999998, 'ParticleID_32': 0.017559999999999975, 'ParticleID_48': 0.015879999999999984, 'ParticleID_33': 0.011719999999999975, 'ParticleID_40': 0.01088, 'Key_1_2': 0.0032399999999999985, 'Key_1_3': 0.003159999999999985, 'Key_0_0': 0.003080000000000016, 'Key_1_1': 0.0026000000000000025}","['signal', 'ParticleID_19', 'ParticleID_33', 'ParticleID_43', 'Key_0_0', 'ParticleID_47', 'ParticleID_30', 'ParticleID_40', 'Key_1_1', 'ParticleID_0', 'ParticleID_37', 'ParticleID_48', 'Key_1_2', 'ParticleID_1', 'ParticleID_17', 'ParticleID_32', 'Key_1_3']",,,
ExtraTrees,table_0_0--Key_0_0-table_1_1.csv--Key_0_0-table_1_1.csv--Key_0_0-table_1_2.csv--Key_0_0-table_1_2.csv--Key_0_0-table_1_3.csv--Key_0_0-table_1_3.csv,MAB,covertype,,425.56,425.56,,0.6180962046827795,0,"{'Aspect': 0.19688, 'Horizontal_Distance_To_Hydrology': 0.16563999999999995, 'Hillshade_3pm': 0.14944, 'Wilderness_Area3': 0.12891999999999998, 'Key_0_0': 0.10755999999999996, 'Key_1_3': 0.10699999999999998, 'Key_1_1': 0.10364, 'Key_1_2': 0.10332, 'Wilderness_Area1': 0.09176, 'Soil_Type33': 0.04663999999999997, 'Soil_Type31': 0.03243999999999998, 'Soil_Type32': 0.030999999999999982, 'Soil_Type20': 0.009479999999999978, 'Soil_Type16': 0.003479999999999972, 'Soil_Type17': 0.0016800000000000148, 'Soil_Type27': 0.00132000000000001, 'Soil_Type25': 0.0008399999999999963, 'Soil_Type36': 3.999999999999559e-05, 'Soil_Type8': 3.999999999999559e-05, 'Soil_Type7': 0.0}","['class', 'Soil_Type20', 'Soil_Type36', 'Soil_Type32', 'Soil_Type33', 'Key_0_0', 'Hillshade_3pm', 'Key_1_1', 'Soil_Type25', 'Soil_Type7', 'Soil_Type8', 'Aspect', 'Horizontal_Distance_To_Hydrology', 'Key_1_2', 'Wilderness_Area1', 'Soil_Type27', 'Wilderness_Area3', 'Key_1_3', 'Soil_Type31', 'Soil_Type16', 'Soil_Type17']",,,
XGBoost,table_0_0--Key_0_0-table_1_1.csv--Key_0_0-table_1_1.csv--Key_0_0-table_1_2.csv--Key_0_0-table_1_2.csv--Key_0_0-table_1_3.csv--Key_0_0-table_1_3.csv,MAB,covertype,,61.73,61.73,,0.6214713935045317,0,"{'Horizontal_Distance_To_Hydrology': 0.06136000000000001, 'Aspect': 0.05875999999999999, 'Hillshade_3pm': 0.049680000000000016, 'Wilderness_Area3': 0.040160000000000015, 'Wilderness_Area1': 0.03956, 'Soil_Type33': 0.015759999999999996, 'Soil_Type31': 0.012480000000000024, 'Soil_Type20': 0.003919999999999968, 'Soil_Type16': 0.002760000000000007, 'Soil_Type32': 0.002719999999999989, 'Soil_Type27': 0.0012000000000000233, 'Soil_Type17': 0.0011600000000000278, 'Key_1_2': 0.0008800000000000141, 'Key_1_3': 0.0007999999999999785, 'Soil_Type25': 0.0005600000000000049, 'Key_1_1': 0.0005199999999999872, 'Key_0_0': 0.00032000000000003136, 'Soil_Type8': 3.999999999999559e-05, 'Soil_Type36': 0.0, 'Soil_Type7': -7.999999999999118e-05}","['class', 'Soil_Type20', 'Soil_Type36', 'Soil_Type32', 'Soil_Type33', 'Key_0_0', 'Hillshade_3pm', 'Key_1_1', 'Soil_Type25', 'Soil_Type8', 'Soil_Type7', 'Aspect', 'Horizontal_Distance_To_Hydrology', 'Wilderness_Area1', 'Key_1_2', 'Soil_Type27', 'Wilderness_Area3', 'Soil_Type31', 'Soil_Type16', 'Soil_Type17', 'Key_1_3']",,,
LightGBM,table_0_0--Key_0_0-table_1_1.csv--Key_0_0-table_1_1.csv--Key_0_0-table_1_2.csv--Key_0_0-table_1_2.csv--Key_0_0-table_1_3.csv--Key_0_0-table_1_3.csv,MAB,covertype,,46.92,46.92,,0.6128091956193353,0,"{'Aspect': 0.0548, 'Horizontal_Distance_To_Hydrology': 0.04588000000000003, 'Wilderness_Area3': 0.03968000000000001, 'Wilderness_Area1': 0.034319999999999996, 'Hillshade_3pm': 0.02148000000000001, 'Soil_Type33': 0.011720000000000019, 'Soil_Type31': 0.01072000000000004, 'Soil_Type20': 0.0022800000000000376, 'Soil_Type16': 0.0018399999999999972, 'Soil_Type17': 0.0014799999999999924, 'Soil_Type27': 0.0007600000000000274, 'Soil_Type32': 0.0002800000000000136, 'Soil_Type25': 0.00020000000000002237, 'Soil_Type7': 0.00011999999999998679, 'Key_1_1': 0.0, 'Soil_Type8': 0.0, 'Soil_Type36': 0.0, 'Key_1_2': 0.0, 'Key_0_0': 0.0, 'Key_1_3': 0.0}","['class', 'Soil_Type20', 'Soil_Type36', 'Soil_Type32', 'Soil_Type33', 'Key_0_0', 'Hillshade_3pm', 'Soil_Type7', 'Soil_Type25', 'Key_1_1', 'Soil_Type8', 'Aspect', 'Horizontal_Distance_To_Hydrology', 'Wilderness_Area1', 'Soil_Type27', 'Key_1_2', 'Wilderness_Area3', 'Soil_Type31', 'Soil_Type16', 'Soil_Type17', 'Key_1_3']",,,
RandomForest,table_0_0--Key_0_0-table_1_1.csv--Key_0_0-table_1_1.csv--Key_0_0-table_1_2.csv--Key_0_0-table_1_2.csv--Key_0_0-table_1_3.csv--Key_0_0-table_1_3.csv,MAB,covertype,,725.18,725.18,,0.6340398413897281,0,"{'Aspect': 0.26087999999999995, 'Hillshade_3pm': 0.22915999999999997, 'Horizontal_Distance_To_Hydrology': 0.22131999999999996, 'Wilderness_Area3': 0.14647999999999997, 'Wilderness_Area1': 0.10755999999999996, 'Key_1_3': 0.10063999999999998, 'Key_0_0': 0.09839999999999996, 'Key_1_1': 0.09767999999999996, 'Key_1_2': 0.09507999999999997, 'Soil_Type33': 0.05267999999999995, 'Soil_Type32': 0.04423999999999997, 'Soil_Type31': 0.03587999999999998, 'Soil_Type20': 0.00923999999999996, 'Soil_Type16': 0.0031599999999999628, 'Soil_Type17': 0.0019999999999999797, 'Soil_Type27': 0.0013199999999999878, 'Soil_Type25': 0.0006399999999999961, 'Soil_Type36': 3.999999999999559e-05, 'Soil_Type8': 3.999999999999559e-05, 'Soil_Type7': 3.999999999999559e-05}","['class', 'Soil_Type20', 'Soil_Type36', 'Soil_Type32', 'Soil_Type33', 'Key_0_0', 'Hillshade_3pm', 'Key_1_1', 'Soil_Type25', 'Soil_Type7', 'Soil_Type8', 'Aspect', 'Horizontal_Distance_To_Hydrology', 'Wilderness_Area1', 'Key_1_2', 'Soil_Type27', 'Wilderness_Area3', 'Key_1_3', 'Soil_Type31', 'Soil_Type16', 'Soil_Type17']",,,
ExtraTrees,table_0_0--Key_0_0-table_1_1.csv--Key_0_0-table_1_1.csv--Key_0_0-table_1_2.csv--Key_0_0-table_1_2.csv--Key_0_0-table_1_3.csv--Key_0_0-table_1_3.csv,MAB,eyemove,,44.13,44.13,,0.5558475689881734,0,"{'Key_0_0': 0.015599999999999992, 'P1stFixation': 0.014000000000000012, 'Key_1_1': 0.009840000000000005, 'Key_1_3': 0.00504, 'firstPassFixDur': 0.0025600000000000067, 'pupilDiamMax': 0.002400000000000002, 'prevFixDur': 0.0023199999999999887, 'firstfixDur': 0.0018399999999999972, 'assgNo': 0.0012399999999999967, 'nextFixDur': 0.0011600000000000054, 'lineNo': 0.00047999999999999156, 'timePrtctg': 0.00027999999999999136, 'lineNo.1': 0.0002799999999999692, 'meanFixDur': 0.00019999999999997797, 'totalFixDur': -0.001200000000000001, 'leavingPos': -0.001200000000000001}","['label', 'meanFixDur', 'timePrtctg', 'firstfixDur', 'Key_0_0', 'Key_1_1', 'prevFixDur', 'nextFixDur', 'totalFixDur', 'firstPassFixDur', 'assgNo', 'lineNo.1', 'lineNo', 'P1stFixation', 'Key_1_3', 'pupilDiamMax', 'leavingPos']",,,
XGBoost,table_0_0--Key_0_0-table_1_1.csv--Key_0_0-table_1_1.csv--Key_0_0-table_1_2.csv--Key_0_0-table_1_2.csv--Key_0_0-table_1_3.csv--Key_0_0-table_1_3.csv,MAB,eyemove,,24.27,24.27,,0.5551905387647832,0,"{'lineNo': 0.09108000000000002, 'pupilDiamMax': 0.07472000000000001, 'timePrtctg': 0.05792000000000001, 'leavingPos': 0.05392000000000001, 'Key_1_1': 0.05156000000000003, 'Key_0_0': 0.0508, 'Key_1_3': 0.04864000000000002, 'assgNo': 0.04132000000000002, 'prevFixDur': 0.030920000000000013, 'nextFixDur': 0.0268, 'firstfixDur': 0.024960000000000003, 'firstPassFixDur': 0.019279999999999985, 'meanFixDur': 0.01484000000000001, 'totalFixDur': 0.014480000000000003, 'P1stFixation': 0.004560000000000031, 'lineNo.1': 0.0}","['label', 'meanFixDur', 'timePrtctg', 'firstfixDur', 'Key_0_0', 'Key_1_1', 'prevFixDur', 'nextFixDur', 'totalFixDur', 'lineNo', 'assgNo', 'firstPassFixDur', 'lineNo.1', 'pupilDiamMax', 'leavingPos', 'Key_1_3', 'P1stFixation']",,,
LightGBM,table_0_0--Key_0_0-table_1_1.csv--Key_0_0-table_1_1.csv--Key_0_0-table_1_2.csv--Key_0_0-table_1_2.csv--Key_0_0-table_1_3.csv--Key_0_0-table_1_3.csv,MAB,eyemove,,16.12,16.12,,0.5177398160315374,0,"{'leavingPos': 0.09475999999999998, 'lineNo': 0.06555999999999998, 'pupilDiamMax': 0.06383999999999998, 'Key_0_0': 0.049719999999999986, 'timePrtctg': 0.04407999999999999, 'Key_1_1': 0.03819999999999999, 'Key_1_3': 0.03811999999999997, 'nextFixDur': 0.02692000000000001, 'firstfixDur': 0.026159999999999982, 'prevFixDur': 0.021119999999999983, 'firstPassFixDur': 0.018520000000000002, 'assgNo': 0.01372, 'totalFixDur': 0.009079999999999977, 'P1stFixation': 0.008599999999999986, 'meanFixDur': 0.007319999999999971, 'lineNo.1': 0.0}","['label', 'meanFixDur', 'timePrtctg', 'firstfixDur', 'Key_0_0', 'Key_1_1', 'prevFixDur', 'nextFixDur', 'totalFixDur', 'lineNo', 'firstPassFixDur', 'assgNo', 'lineNo.1', 'leavingPos', 'pupilDiamMax', 'Key_1_3', 'P1stFixation']",,,
RandomForest,table_0_0--Key_0_0-table_1_1.csv--Key_0_0-table_1_1.csv--Key_0_0-table_1_2.csv--Key_0_0-table_1_2.csv--Key_0_0-table_1_3.csv--Key_0_0-table_1_3.csv,MAB,eyemove,,38.58,38.58,,0.5663600525624178,0,"{'leavingPos': 0.05471999999999999, 'pupilDiamMax': 0.011839999999999984, 'Key_0_0': 0.009639999999999982, 'Key_1_1': 0.007560000000000011, 'timePrtctg': 0.005200000000000005, 'Key_1_3': 0.005200000000000005, 'lineNo.1': 0.0019599999999999618, 'lineNo': 0.0019199999999999883, 'prevFixDur': 0.001880000000000015, 'firstfixDur': 0.0014399999999999968, 'nextFixDur': 0.0011600000000000054, 'firstPassFixDur': 0.0009999999999999564, 'assgNo': 0.0006399999999999739, 'meanFixDur': 0.00039999999999997817, 'totalFixDur': 0.00039999999999997817, 'P1stFixation': -0.00012000000000000899}","['label', 'meanFixDur', 'timePrtctg', 'firstfixDur', 'Key_0_0', 'Key_1_1', 'prevFixDur', 'nextFixDur', 'totalFixDur', 'firstPassFixDur', 'lineNo', 'lineNo.1', 'assgNo', 'leavingPos', 'pupilDiamMax', 'Key_1_3', 'P1stFixation']",,,
ExtraTrees,table_0_0--Key_0_0-table_1_1.csv--Key_0_0-table_1_1.csv--Key_0_0-table_1_1.csv--Key_0_0-table_1_1.csv--Key_0_0-table_1_2.csv--Key_0_0-table_1_2.csv--Key_0_0-table_1_2.csv--Key_0_0-table_1_2.csv--Key_0_0-table_1_3.csv--Key_0_0-table_1_3.csv--Key_0_0-table_1_3.csv--Key_0_0-table_1_3.csv,MAB,bioresponse,,93.24,93.24,,0.6695778748180495,0,"{'D107': 0.01638150709865307, 'D137': 0.010702584637786682, 'D57': 0.008372770294867094, 'D130': 0.0073534765198397965, 'D139': 0.006843829632326148, 'Key_1_2': 0.004368401892974138, 'D92': 0.003858755005460468, 'D37': 0.003349108117946864, 'D415': 0.0030578813250818904, 'D143': 0.002693847834000729, 'D809': 0.002475427739352032, 'D937': 0.00247542773935201, 'Key_1_1': 0.0022570076447033125, 'Key_0_0': 0.0020385875500545936, 'D697': 0.0019657808518383614, 'D517': 0.0019657808518383614, 'D93': 0.001965780851838339, 'D445': 0.0016017473607571997, 'D767': 0.0013105205678922483, 'D926': 0.0011649071714597615, 'D203': 0.0006552602839461352, 'D935': 0.0005824535857298808, 'D190': 0.0005824535857298585, 'D546': 0.0005096468875136484, 'D184': 0.00043684018929739387, 'D896': 0.00036403349108116156, 'D176': 0.00036403349108116156, 'D515': 0.00021842009464869693, 'D895': 0.00021842009464869693, 'D422': 0.00014561339643246463, 'D899': 0.00014561339643246463, 'D865': 0.00014561339643246463, 'D235': 0.0, 'D399': 0.0, 'D770': -2.2204460492503132e-17, 'D771': -0.00014561339643248683, 'D188': -0.00029122679286492926, 'D815': -0.00029122679286495143, 'D244': -0.0005096468875136262, 'D773': -0.0005096468875136484, 'D233': -0.000655260283946113, 'Key_1_3': -0.0007280669821623897, 'D34': -0.0007280669821623897, 'D585': -0.0008008736803786221}","['target', 'D34', 'D137', 'D415', 'D190', 'D422', 'D399', 'D935', 'D176', 'D926', 'D235', 'Key_0_0', 'D107', 'D139', 'Key_1_1', 'D767', 'D203', 'D770', 'D585', 'D815', 'D188', 'D184', 'D865', 'D130', 'D57', 'Key_1_2', 'D93', 'D92', 'D771', 'D445', 'D517', 'D899', 'D233', 'D244', 'D143', 'D809', 'Key_1_3', 'D515', 'D546', 'D697', 'D937', 'D896', 'D773', 'D37', 'D895']",,,
XGBoost,table_0_0--Key_0_0-table_1_1.csv--Key_0_0-table_1_1.csv--Key_0_0-table_1_1.csv--Key_0_0-table_1_1.csv--Key_0_0-table_1_2.csv--Key_0_0-table_1_2.csv--Key_0_0-table_1_2.csv--Key_0_0-table_1_2.csv--Key_0_0-table_1_3.csv--Key_0_0-table_1_3.csv--Key_0_0-table_1_3.csv--Key_0_0-table_1_3.csv,MAB,bioresponse,,51.17,51.17,,0.6754002911208151,0,"{'D107': 0.16017473607571903, 'D57': 0.05263924281033856, 'D137': 0.04564979978157997, 'D130': 0.03924281033855119, 'Key_1_3': 0.030651619949035334, 'D34': 0.03014197306152171, 'Key_1_1': 0.024244630506006604, 'Key_1_2': 0.023443756825628003, 'Key_0_0': 0.022788496541681868, 'D139': 0.02227884965416822, 'D93': 0.018638514743356448, 'D515': 0.016818347287950553, 'D415': 0.015362213323625817, 'D143': 0.013687659264652407, 'D926': 0.01128503822351663, 'D92': 0.01055697124135424, 'D770': 0.008518383691299647, 'D767': 0.008445576993083414, 'D809': 0.006698216235893751, 'D697': 0.006625409537677518, 'D546': 0.005387695668001524, 'D445': 0.004368401892974205, 'D203': 0.0035675282125956055, 'D517': 0.002257007644703357, 'D895': 0.001383327266108525, 'D935': 0.001383327266108525, 'D815': 0.0012377138696760825, 'D937': 0.001237713869676038, 'D244': 0.0010921004732435957, 'D896': 0.0008008736803786665, 'D37': 0.000509646887513715, 'D190': 0.00029122679286501806, 'D585': 0.00014561339643250903, 'D771': 7.280669821625451e-05, 'D773': 7.280669821625451e-05, 'D899': 0.0, 'D399': 0.0, 'D422': 0.0, 'D176': 0.0, 'D235': 0.0, 'D188': 0.0, 'D865': 0.0, 'D184': 0.0, 'D233': -7.280669821623232e-05}","['target', 'D34', 'D137', 'D415', 'D190', 'D422', 'D399', 'D935', 'D176', 'D926', 'D235', 'Key_0_0', 'D107', 'D139', 'Key_1_1', 'D767', 'D815', 'D203', 'D585', 'D184', 'D770', 'D865', 'D188', 'D92', 'D57', 'D130', 'Key_1_2', 'D445', 'D93', 'D517', 'D771', 'D244', 'D233', 'D899', 'Key_1_3', 'D515', 'D143', 'D809', 'D697', 'D546', 'D895', 'D937', 'D896', 'D37', 'D773']",,,
LightGBM,table_0_0--Key_0_0-table_1_1.csv--Key_0_0-table_1_1.csv--Key_0_0-table_1_1.csv--Key_0_0-table_1_1.csv--Key_0_0-table_1_2.csv--Key_0_0-table_1_2.csv--Key_0_0-table_1_2.csv--Key_0_0-table_1_2.csv--Key_0_0-table_1_3.csv--Key_0_0-table_1_3.csv--Key_0_0-table_1_3.csv--Key_0_0-table_1_3.csv,MAB,bioresponse,,46.92,46.92,,0.6637554585152838,0,"{'D107': 0.17626501638150707, 'D137': 0.05809974517655621, 'Key_1_3': 0.03400072806698211, 'D130': 0.03356388787768472, 'D57': 0.028613032398980675, 'D139': 0.027593738623953402, 'Key_0_0': 0.027448125227520916, 'Key_1_1': 0.026356024754277386, 'D93': 0.02242446305060062, 'Key_1_2': 0.018784128139788824, 'D697': 0.01761922096832904, 'D415': 0.016308700400436794, 'D34': 0.01565344011649068, 'D143': 0.015216599927193286, 'D515': 0.011357844921732752, 'D926': 0.00968329086275932, 'D92': 0.009100837277029438, 'D546': 0.0075718966144885155, 'D809': 0.007426283218056007, 'D767': 0.006115762650163803, 'D937': 0.0048052420822715545, 'D445': 0.004514015289406625, 'D770': 0.004149981798325419, 'D203': 0.00334910811794682, 'D37': 0.0021113942482708483, 'D815': 0.0021113942482708257, 'D585': 0.0018201674554058967, 'D935': 0.0013833272661084362, 'D517': 0.0008736803785947877, 'D895': 0.0005096468875136262, 'D896': 0.00021842009464869693, 'D190': 0.0, 'D235': 0.0, 'D899': 0.0, 'D244': 0.0, 'D233': 0.0, 'D771': 0.0, 'D399': 0.0, 'D176': 0.0, 'D188': 0.0, 'D865': 0.0, 'D184': 0.0, 'D773': 0.0, 'D422': -0.0005096468875136706}","['target', 'D34', 'D137', 'D415', 'D190', 'D422', 'D399', 'D935', 'D176', 'D926', 'D235', 'Key_0_0', 'D107', 'D139', 'Key_1_1', 'D203', 'D815', 'D767', 'D770', 'D184', 'D865', 'D585', 'D188', 'D57', 'D130', 'Key_1_2', 'D93', 'D92', 'D445', 'D517', 'D771', 'D233', 'D244', 'D899', 'Key_1_3', 'D697', 'D143', 'D515', 'D546', 'D809', 'D937', 'D37', 'D895', 'D896', 'D773']",,,
RandomForest,table_0_0--Key_0_0-table_1_1.csv--Key_0_0-table_1_1.csv--Key_0_0-table_1_1.csv--Key_0_0-table_1_1.csv--Key_0_0-table_1_2.csv--Key_0_0-table_1_2.csv--Key_0_0-table_1_2.csv--Key_0_0-table_1_2.csv--Key_0_0-table_1_3.csv--Key_0_0-table_1_3.csv--Key_0_0-table_1_3.csv--Key_0_0-table_1_3.csv,MAB,bioresponse,,78.56,78.56,,0.6739446870451238,0,"{'D107': 0.06254095376774667, 'D137': 0.020094648707681118, 'D130': 0.011139424827084165, 'D57': 0.00749908991627235, 'Key_0_0': 0.0065526028394612855, 'D139': 0.005387695668001502, 'Key_1_1': 0.004295595194757973, 'Key_1_2': 0.0033491081179469083, 'Key_1_3': 0.003276301419730676, 'D203': 0.002475427739352076, 'D143': 0.002402621041135844, 'D34': 0.0023298143429195894, 'D935': 0.0012377138696760604, 'D415': 0.0012377138696760604, 'D937': 0.0010192937750273634, 'D92': 0.0009464870768110867, 'D926': 0.0008008736803786665, 'D517': 0.0006552602839462018, 'D515': 0.0005824535857299251, 'D93': 0.0005096468875136928, 'D585': 0.0004368401892974827, 'D445': 0.00043684018929743826, 'D190': 0.0003640334910812726, 'D233': 0.00036403349108125036, 'D546': 0.00021842009464876356, 'D815': 0.00014561339643253123, 'D771': 0.00014561339643250903, 'D697': 7.280669821627673e-05, 'D767': 7.280669821627673e-05, 'D865': 7.280669821625451e-05, 'D896': 7.280669821625451e-05, 'D773': 0.0, 'D235': 0.0, 'D899': 0.0, 'D399': 0.0, 'D188': 0.0, 'D184': 0.0, 'D176': 0.0, 'D244': 0.0, 'D422': -7.28066982161879e-05, 'D770': -0.00021842009464869693, 'D895': -0.00029122679286490704, 'D809': -0.0006552602839460687, 'D37': -0.0008008736803785555}","['target', 'D34', 'D137', 'D415', 'D190', 'D422', 'D399', 'D935', 'D176', 'D926', 'D235', 'Key_0_0', 'D107', 'D139', 'Key_1_1', 'D203', 'D767', 'D770', 'D815', 'D585', 'D184', 'D188', 'D865', 'D130', 'D57', 'Key_1_2', 'D93', 'D445', 'D92', 'D244', 'D899', 'D233', 'D517', 'D771', 'D809', 'Key_1_3', 'D515', 'D143', 'D697', 'D546', 'D937', 'D37', 'D773', 'D896', 'D895']",,,
ExtraTrees,base--DBN-Schools_Progress_Report_2012-2013.csv--DBN-2010_Gen_Ed_Survey_Data.csv--DBN-2010_Gen_Ed_Survey_Data.csv--DBN-2010_Gen_Ed_Survey_Data.csv--DBN-2010_Gen_Ed_Survey_Data.csv--DBN-2010_Gen_Ed_Survey_Data.csv--DBN-2010_Gen_Ed_Survey_Data.csv--DBN-2010_Gen_Ed_Survey_Data.csv--DBN-2010_Gen_Ed_Survey_Data.csv--DBN-2010_Gen_Ed_Survey_Data.csv--DBN-2010_Gen_Ed_Survey_Data.csv--DBN-2010_Gen_Ed_Survey_Data.csv--DBN-2010_Gen_Ed_Survey_Data.csv--DBN-2010_Gen_Ed_Survey_Data.csv--DBN-2010_Gen_Ed_Survey_Data.csv--DBN-2010_Gen_Ed_Survey_Data.csv--DBN-2010_Gen_Ed_Survey_Data.csv--DBN-2010_Gen_Ed_Survey_Data.csv--DBN-2010_Gen_Ed_Survey_Data.csv--DBN-2010_Gen_Ed_Survey_Data.csv--DBN-2010_Gen_Ed_Survey_Data.csv--DBN-2010_Gen_Ed_Survey_Data.csv--DBN-2010_Gen_Ed_Survey_Data.csv--DBN-2010_Gen_Ed_Survey_Data.csv--DBN-2010_Gen_Ed_Survey_Data.csv--DBN-2010_Gen_Ed_Survey_Data.csv--DBN-2010_Gen_Ed_Survey_Data.csv--DBN-2010_Gen_Ed_Survey_Data.csv--DBN-2010_Gen_Ed_Survey_Data.csv--DBN-2010_Gen_Ed_Survey_Data.csv,MAB,school,,2103.29,2103.29,,0.6704225352112676,0,"{'School Name': 0.08865398167723745, 'Total Teacher Response Rate (%)': 0.014799154334038046, 'location': 0.012825933756166297, 'Total Student Response Rate (%)': 0.009161381254404488, 'Total Parent Response Rate (%)': 0.008879492600422822, 'School Type': 0.0015503875968992276, 'p_q10g': 0.0012684989429175176, 'p_q8f': 0.0012684989429175176, 'p_q7b_2': 0.001127554615926707, 'p_q4e_2': 0.0011275546159266847, 'com_s_10': 0.0011275546159266847, 'p_q2g_4': 0.0011275546159266847, 'p_q7c_3': 0.0011275546159266626, 'p_q8d_1': 0.0011275546159266626, 'p_q2e_4': 0.0011275546159266626, 'p_q11e_2': 0.0009866102889358297, 'p_q2a_5': 0.0009866102889358297, 'p_q4e': 0.0009866102889358297, 'p_q7a_5': 0.0009866102889358297, 'p_q7d_3': 0.0009866102889358297, 'N_s': 0.0009866102889358297, 'p_q7b': 0.0009866102889358297, 'saf_tot_10': 0.0008456659619450191, 'p_q2i_4': 0.0008456659619450191, 'p_q8e_1': 0.0008456659619449969, 'p_q7a_3': 0.0008456659619449969, 'p_q4c_2': 0.0008456659619449969, 'p_q2i_1': 0.0008456659619449969, 'p_q1_9': 0.0008456659619449969, 'p_q2c_2': 0.0008456659619449969, 'p_q2a_2': 0.0007047216349542085, 'borough': 0.0007047216349541863, 'p_q2c': 0.0007047216349541641, 'p_q3b_2': 0.0007047216349541641, 'p_q2c_4': 0.0007047216349541641, 'p_q10l': 0.0007047216349541641, 'p_q8e_5': 0.0007047216349541641, 'p_q7b_4': 0.0007047216349541641, 'p_q7b_1': 0.0007047216349541641, 'p_q7a': 0.0005637773079633535, 'p_q2b_4': 0.0005637773079633313, 'nr_t': 0.0005637773079633313, 'p_q9_8': 0.0005637773079633313, 'p_q9_2': 0.0005637773079633313, 'p_q8c_1': 0.0005637773079633313, 'p_q7d_5': 0.0005637773079633313, 'p_q2c_1': 0.0005637773079633313, 'p_q6_2': 0.0005637773079633313, 'p_q4e_3': 0.0005637773079633313, 'p_q2f_4': 0.0005637773079633313, 'p_q2f_2': 0.0005637773079633313, 'p_q2g_3': 0.0005637773079633313, 'p_q2b_2': 0.0005637773079633313, 'p_q8a': 0.00042283298097252066, 'p_q2b_1': 0.00042283298097252066, 'p_q11d': 0.00042283298097249843, 'p_q8c_3': 0.00042283298097249843, 'aca_t_10': 0.00042283298097249843, 'p_q3d_2': 0.00042283298097249843, 'p_q3c_3': 0.00042283298097249843, 'p_q7c_4': 0.00042283298097249843, 'p_q3d_3': 0.00042283298097249843, 'p_q7c_2': 0.00042283298097249843, 'p_q2c_5': 0.00042283298097249843, 'p_q4a_1': 0.00042283298097249843, 'p_q4b_2': 0.00042283298097249843, 'p_q4a_5': 0.00042283298097249843, 'p_q6_4': 0.00042283298097249843, 'nr_s': 0.00042283298097249843, 'p_q4d_3': 0.00042283298097249843, 'p_q2h_2': 0.00042283298097249843, 'p_q2d_1': 0.00042283298097249843, 'p_q8c': 0.00042283298097249843, 'p_q3a': 0.00042283298097249843, 'p_q12aa_1': 0.00042283298097249843, 'p_q11f_4': 0.00042283298097249843, 'p_q1_8': 0.00042283298097249843, 'p_q2a': 0.00042283298097249843, 'p_q11b_1': 0.00042283298097249843, 'p_q10a': 0.00042283298097249843, 'p_q5f': 0.00042283298097249843, 'p_q2g_2': 0.00028188865398166564, 'p_q4c': 0.00028188865398166564, 'eng_t_10': 0.00028188865398166564, 'p_q2d_2': 0.00028188865398166564, 'p_q8d': 0.00028188865398166564, 'p_q2c_3': 0.00028188865398166564, 'p_q11e': 0.00028188865398166564, 'p_q4a_4': 0.00028188865398166564, 'p_q2a_1': 0.00028188865398166564, 'p_q3a_2': 0.00028188865398166564, 'N_p': 0.00028188865398166564, 'enrollment': 0.00028188865398166564, 'p_q5b': 0.00028188865398166564, 'p_q10j': 0.00028188865398166564, 'p_q5j': 0.00028188865398166564, 'p_q9_4': 0.00028188865398166564, 'p_q11e_4': 0.00028188865398166564, 'p_q1_11': 0.00028188865398166564, 'p_q7c_1': 0.00028188865398166564, 'p_q6': 0.00028188865398166564, 'p_q11d_1': 0.00028188865398166564, 'p_q8e': 0.00028188865398166564, 'p_q5c': 0.00014094432699083282, 'p_q10h': 0.00014094432699083282, 'saf_t_10': 0.00014094432699083282, 'p_q2e_2': 0.00014094432699083282, 'p_q11d_2': 0.00014094432699083282, 'p_q2d_5': 0.00014094432699083282, 'p_q10c': 0.00014094432699083282, 'eng_tot_10': 0.00014094432699083282, 'nr_p': 0.00014094432699083282, 'p_q1_13': 0.00014094432699083282, 'p_q8f_1': 0.00014094432699083282, 'p_q2g_1': 0.00014094432699083282, 'p_q12aa_2': 0.00014094432699083282, 'p_q4d_5': 0.00014094432699083282, 'p_q11f_2': 0.00014094432699083282, 'p_q2h_5': 0.00014094432699083282, 'p_q4c_3': 0.00014094432699083282, 'p_q8c_5': 0.00014094432699083282, 'p_q8c_2': 0.00014094432699083282, 'p_q3c_1': 0.00014094432699083282, 'p_q7d_1': 0.00014094432699083282, 'p_q8d_2': 0.00014094432699083282, 'aca_tot_10': 0.00014094432699083282, 'p_q11c_1': 0.00014094432699083282, 'p_q4b_1': 0.00014094432699083282, 'p_q5': 0.00014094432699083282, 'p_q11f': 0.00014094432699083282, 'p_q8f_5': 0.00014094432699081062, 'p_q8a_4': 0.00014094432699081062, 'p_q6_1': 0.0, 'p_q10e': 0.0, 'p_q2h_4': 0.0, 'p_q11a_4': 0.0, 'p_q2i_3': 0.0, 'p_q8d_3': 0.0, 'p_q3a_3': 0.0, 'p_q3b_5': 0.0, 'p_q10f': 0.0, 'p_q3d_4': 0.0, 'p_q4a_3': 0.0, 'eng_p_10': 0.0, 'p_q4c_4': 0.0, 'p_q2g': 0.0, 'sch_type': 0.0, 'p_q4e_4': 0.0, 'p_q5a': 0.0, 'p_q9_6': 0.0, 'p_q5g': 0.0, 'p_q5h': 0.0, 'p_q9_1': 0.0, 'p_q8f_4': 0.0, 'p_q8e_3': 0.0, 'p_q8a_1': 0.0, 'p_q8a_2': 0.0, 'p_q2f': 0.0, 'p_q8b_2': 0.0, 'com_t_10': 0.0, 'p_q1_14': 0.0, 'p_q11d_4': 0.0, 'p_q9_9': 0.0, 'p_q10b': 0.0, 'p_q3c': 0.0, 'p_q2e_3': 0.0, 'p_q1_1': 0.0, 'p_q4d': 0.0, 'p_q2d_3': 0.0, 'p_q11e_3': 0.0, 'p_q2d_4': 0.0, 'p_q11b': 0.0, 'p_q2e_1': 0.0, 'p_q8b_1': -2.2204460492503132e-17, 'p_q11e_1': -2.2204460492503132e-17, 'p_q11b_2': -2.2204460492503132e-17, 'p_q2g_5': -2.2204460492503132e-17, 'p_q4a_2': -0.00014094432699083282, 'N_t': -0.00014094432699083282, 'p_q5i': -0.00014094432699083282, 'p_q12aa_4': -0.00014094432699083282, 'p_q9_10': -0.00014094432699083282, 'p_q7d_4': -0.00014094432699083282, 'p_q4c_1': -0.00014094432699083282, 'p_q2f_1': -0.00014094432699083282, 'p_q4b_3': -0.00014094432699083282, 'saf_p_10': -0.00014094432699083282, 'p_q7d_2': -0.00014094432699083282, 'p_q8a_3': -0.00014094432699083282, 'p_q11c_4': -0.00014094432699083282, 'p_q11a': -0.00014094432699083282, 'aca_p_10': -0.00014094432699083282, 'p_q3b_3': -0.00014094432699083282, 'p_q2h': -0.00014094432699083282, 'p_q4b': -0.00014094432699083282, 'p_q10k': -0.00014094432699083282, 'p_q2i': -0.00014094432699083282, 'p_q3b_1': -0.00014094432699083282, 'p_q4a': -0.00014094432699085502, 'studentsurvey': -0.00014094432699085502, 'p_q8c_4': -0.00014094432699085502, 'p_q5d': -0.00014094432699085502, 'p_q8f_2': -0.00014094432699085502, 'p_q7a_4': -0.00014094432699085502, 'p_q10i': -0.00028188865398166564, 'p_q11c_3': -0.00028188865398166564, 'p_q2f_3': -0.00028188865398166564, 'p_q1_6': -0.00028188865398166564, 'p_q2h_1': -0.00028188865398166564, 'p_q11c_2': -0.00028188865398166564, 'p_q7b_5': -0.00028188865398166564, 'p_q7b_3': -0.00028188865398166564, 'p_q4d_4': -0.00028188865398166564, 'p_q11b_3': -0.00028188865398166564, 'p_q11d_3': -0.00028188865398166564, 'p_q3c_4': -0.00028188865398166564, 'p_q3b_4': -0.00028188865398166564, 'p_q4b_4': -0.00028188865398166564, 'p_q2a_4': -0.00028188865398166564, 'p_q1_12': -0.00028188865398166564, 'p_q7c': -0.00028188865398166564, 'p_q4e_1': -0.00028188865398166564, 'p_q2i_5': -0.00028188865398166564, 'p_q4d_2': -0.0002818886539816878, 'p_q8b_3': -0.0002818886539816878, 'com_tot_10': -0.0002818886539816878, 'p_q6_5': -0.0002818886539816878, 'rr_p': -0.0002818886539816878, 'p_q8e_4': -0.00042283298097249843, 'p_q11a_3': -0.00042283298097249843, 'p_q3c_5': -0.00042283298097249843, 'p_q9_5': -0.00042283298097249843, 'p_q3d_1': -0.00042283298097249843, 'p_q9_3': -0.00042283298097249843, 'p_q3a_4': -0.00042283298097249843, 'p_q12ab_1': -0.00042283298097249843, 'p_q2e_5': -0.00042283298097249843, 'p_q3a_1': -0.00042283298097249843, 'p_q12aa_3': -0.00042283298097249843, 'p_q7d': -0.00042283298097249843, 'p_q2f_5': -0.00042283298097249843, 'p_q4d_1': -0.00042283298097249843, 'p_q2b_3': -0.00042283298097252066, 'p_q3c_2': -0.00042283298097252066, 'p_q3a_5': -0.00042283298097252066, 'p_q1_2': -0.00042283298097252066, 'p_q1_7': -0.00042283298097252066, 'p_q11f_1': -0.00042283298097252066, 'saf_s_10': -0.00042283298097254283, 'p_q7c_5': -0.00042283298097254283, 'p_q4e_5': -0.0005637773079633313, 'p_q2b_5': -0.0005637773079633313, 'p_q3d_5': -0.0005637773079633313, 'p_q6_3': -0.0005637773079633313, 'p_q2h_3': -0.0005637773079633313, 'p_q8b_5': -0.0005637773079633313, 'p_q9_7': -0.0005637773079633313, 'p_q4b_5': -0.0005637773079633535, 'p_q2d': -0.0005637773079633535, 'com_p_10': -0.0005637773079633535, 'principal': -0.0005637773079633535, 'p_q2e': -0.0005637773079633756, 'p_q8b_4': -0.0005637773079633756, 'rr_s': -0.0005637773079633756, 'p_q3b': -0.0007047216349541641, 'p_q12aa_5': -0.0007047216349541641, 'p_q5e': -0.0007047216349541641, 'p_q8b': -0.0007047216349541863, 'p_q4c_5': -0.0007047216349541863, 'p_q7a_2': -0.0007047216349541863, 'p_q1_3': -0.0007047216349541863, 'p_q1_4': -0.0007047216349541863, 'p_q8d_5': -0.0007047216349541863, 'p_q2a_3': -0.0007047216349541863, 'eng_s_10': -0.0007047216349542085, 'aca_s_10': -0.0008456659619450191, 'p_q2b': -0.0008456659619450191, 'rr_t': -0.0008456659619450191, 'p_q11c': -0.0008456659619450413, 'p_q8d_4': -0.0008456659619450413, 'p_q11b_4': -0.0008456659619450413, 'p_q7a_1': -0.0008456659619450413, 'p_q1_10': -0.0008456659619450635, 'p_q2i_2': -0.000986610288935852, 'p_q1_5': -0.000986610288935874, 'p_q8f_3': -0.000986610288935874, 'p_q11f_3': -0.0009866102889358962, 'p_q8a_5': -0.0011275546159267291, 'p_q10d': -0.001409443269908417, 'p_q11a_2': -0.001550387596899272, 'p_q8e_2': -0.0016913319238901047, 'p_q11a_1': -0.0018322762508809376}","['DBN', 'School Name', 'School Type', 'Total Parent Response Rate (%)', 'Total Teacher Response Rate (%)', 'Total Student Response Rate (%)', 'class', 'location', 'p_q8e', 'p_q8e_1', 'p_q4e_1', 'p_q3a_4', 'p_q11f_2', 'p_q7a_2', 'aca_t_10', 'p_q7b_1', 'p_q8d_5', 'rr_p', 'p_q4c_1', 'saf_tot_10', 'p_q4b_2', 'p_q12aa_3', 'p_q4d_2', 'p_q11c_1', 'p_q2d', 'p_q4c_5', 'p_q8f_5', 'p_q2g_1', 'eng_t_10', 'p_q8f_1', 'saf_t_10', 'com_tot_10', 'p_q8d', 'saf_s_10', 'rr_s', 'p_q10g', 'p_q10b', 'eng_tot_10', 'studentsurvey', 'p_q5', 'p_q4b_5', 'p_q8a_4', 'p_q2b', 'N_p', 'p_q3d_5', 'com_p_10', 'p_q11a_1', 'aca_tot_10', 'p_q2h_1', 'p_q7c_3', 'p_q7d_2', 'p_q2c_2', 'p_q3c', 'p_q3b_2', 'p_q8a', 'p_q4e_3', 'p_q4c_3', 'p_q9_9', 'p_q11e_2', 'p_q1_8', 'nr_p', 'p_q12aa_4', 'p_q1_11', 'p_q4d_4', 'com_t_10', 'p_q3c_5', 'p_q8d_3', 'p_q2h_3', 'p_q3b_1', 'p_q11a', 'p_q12aa_2', 'p_q7d_4', 'p_q3d_1', 'p_q2c_5', 'p_q5d', 'p_q2d_1', 'p_q4e_5', 'p_q4e_2', 'com_s_10', 'p_q11f_1', 'p_q8f_3', 'p_q3c_3', 'p_q2b_5', 'p_q6', 'p_q11d', 'p_q1_5', 'principal', 'rr_t', 'p_q8d_2', 'nr_t', 'p_q8b_4', 'p_q3a_5', 'p_q11a_2', 'p_q5b', 'p_q2a_3', 'N_t', 'p_q2d_2', 'p_q8f', 'p_q7b_2', 'p_q2g_4']",,,
XGBoost,base--DBN-Schools_Progress_Report_2012-2013.csv--DBN-2010_Gen_Ed_Survey_Data.csv--DBN-2010_Gen_Ed_Survey_Data.csv--DBN-2010_Gen_Ed_Survey_Data.csv--DBN-2010_Gen_Ed_Survey_Data.csv--DBN-2010_Gen_Ed_Survey_Data.csv--DBN-2010_Gen_Ed_Survey_Data.csv--DBN-2010_Gen_Ed_Survey_Data.csv--DBN-2010_Gen_Ed_Survey_Data.csv--DBN-2010_Gen_Ed_Survey_Data.csv--DBN-2010_Gen_Ed_Survey_Data.csv--DBN-2010_Gen_Ed_Survey_Data.csv--DBN-2010_Gen_Ed_Survey_Data.csv--DBN-2010_Gen_Ed_Survey_Data.csv--DBN-2010_Gen_Ed_Survey_Data.csv--DBN-2010_Gen_Ed_Survey_Data.csv--DBN-2010_Gen_Ed_Survey_Data.csv--DBN-2010_Gen_Ed_Survey_Data.csv--DBN-2010_Gen_Ed_Survey_Data.csv--DBN-2010_Gen_Ed_Survey_Data.csv--DBN-2010_Gen_Ed_Survey_Data.csv--DBN-2010_Gen_Ed_Survey_Data.csv--DBN-2010_Gen_Ed_Survey_Data.csv--DBN-2010_Gen_Ed_Survey_Data.csv--DBN-2010_Gen_Ed_Survey_Data.csv--DBN-2010_Gen_Ed_Survey_Data.csv--DBN-2010_Gen_Ed_Survey_Data.csv--DBN-2010_Gen_Ed_Survey_Data.csv--DBN-2010_Gen_Ed_Survey_Data.csv--DBN-2010_Gen_Ed_Survey_Data.csv,MAB,school,,2726.07,2726.07,,0.6957746478873239,0,"{'Total Parent Response Rate (%)': 0.03269908386187455, 'School Name': 0.03269908386187452, 'Total Teacher Response Rate (%)': 0.031007751937984485, 'School Type': 0.025229034531360096, 'saf_tot_10': 0.021564482029598285, 'Total Student Response Rate (%)': 0.012825933756166275, 'nr_s': 0.006060606060606033, 'aca_t_10': 0.004933051444679326, 'saf_t_10': 0.0035236081747709756, 'com_t_10': 0.0033826638477800985, 'location': 0.0032417195207892656, 'saf_s_10': 0.002818886539816745, 'eng_tot_10': 0.002818886539816745, 'p_q8f_3': 0.0026779422128259344, 'p_q11b_2': 0.0025369978858350794, 'p_q10j': 0.002396053558844269, 'eng_t_10': 0.002396053558844269, 'p_q7d_5': 0.0023960535588442465, 'p_q11e_1': 0.002255109231853414, 'p_q10g': 0.002114164904862559, 'aca_tot_10': 0.001973220577871726, 'p_q11d_2': 0.001973220577871704, 'p_q5a': 0.0018322762508808932, 'com_tot_10': 0.0016913319238900603, 'p_q8d_1': 0.0016913319238900603, 'p_q12aa_1': 0.0015503875968992053, 'p_q1_8': 0.0015503875968991832, 'p_q11b_4': 0.0014094432699083503, 'p_q7a_2': 0.0014094432699083503, 'p_q10e': 0.0014094432699083503, 'p_q2i_4': 0.0012684989429175397, 'p_q10k': 0.0012684989429175176, 'p_q10a': 0.0012684989429174952, 'nr_t': 0.001127554615926707, 'p_q2f_2': 0.0011275546159266847, 'p_q2h_5': 0.0011275546159266847, 'rr_s': 0.0011275546159266847, 'p_q8f_5': 0.0011275546159266847, 'p_q4a_5': 0.0011275546159266847, 'p_q4b_2': 0.0011275546159266626, 'enrollment': 0.0011275546159266626, 'p_q9_8': 0.0011275546159266626, 'rr_t': 0.000986610288935874, 'p_q6_3': 0.000986610288935874, 'p_q4a_2': 0.000986610288935852, 'p_q5': 0.000986610288935852, 'p_q7a_5': 0.000986610288935852, 'p_q4a_1': 0.0009866102889358297, 'p_q4c_1': 0.0009866102889358297, 'p_q2g_4': 0.0009866102889358297, 'p_q12aa_2': 0.0009866102889358297, 'p_q8c_1': 0.0009866102889358297, 'p_q4b_5': 0.0008456659619450191, 'p_q5c': 0.0008456659619450191, 'p_q8b_3': 0.0008456659619449969, 'p_q3c_4': 0.0008456659619449969, 'p_q11c_3': 0.0008456659619449969, 'p_q5i': 0.0008456659619449969, 'p_q10b': 0.0008456659619449969, 'p_q9_6': 0.0008456659619449969, 'p_q8f_1': 0.0008456659619449969, 'p_q7d': 0.0008456659619449969, 'p_q12ab_1': 0.0007047216349541863, 'p_q7a_3': 0.0007047216349541863, 'N_s': 0.0007047216349541641, 'p_q2h_1': 0.0007047216349541641, 'p_q2a_1': 0.0007047216349541641, 'p_q6': 0.0007047216349541641, 'p_q5j': 0.0007047216349541641, 'p_q7c_3': 0.0005637773079633535, 'p_q5b': 0.0005637773079633535, 'rr_p': 0.0005637773079633313, 'p_q7b': 0.0005637773079633313, 'p_q1_11': 0.0005637773079633313, 'p_q3c_2': 0.0005637773079633313, 'p_q8e_2': 0.0005637773079633313, 'p_q4a_4': 0.0005637773079633313, 'p_q7c': 0.0005637773079633313, 'p_q8b_2': 0.0005637773079633313, 'p_q7b_3': 0.0005637773079633313, 'com_s_10': 0.0005637773079633313, 'p_q2e_2': 0.0005637773079633313, 'p_q6_2': 0.0005637773079633313, 'p_q4b_3': 0.0005637773079633313, 'p_q4d': 0.0005637773079633313, 'p_q11e_2': 0.0005637773079633313, 'p_q5g': 0.000563777307963309, 'p_q2h_3': 0.00042283298097252066, 'p_q11f_2': 0.00042283298097249843, 'p_q3d_4': 0.00042283298097249843, 'p_q2b_2': 0.00042283298097249843, 'p_q7d_1': 0.00042283298097249843, 'p_q1_5': 0.00042283298097249843, 'p_q6_1': 0.00042283298097249843, 'p_q2h_2': 0.00042283298097249843, 'p_q9_1': 0.00042283298097249843, 'p_q4d_4': 0.00042283298097249843, 'p_q1_3': 0.00042283298097249843, 'p_q8b_5': 0.00042283298097249843, 'p_q12aa_5': 0.00042283298097249843, 'p_q2h_4': 0.00042283298097249843, 'p_q9_4': 0.00042283298097249843, 'p_q8a': 0.00042283298097247626, 'p_q8a_2': 0.0002818886539816878, 'p_q5e': 0.00028188865398166564, 'p_q10h': 0.00028188865398166564, 'p_q2c_4': 0.00028188865398166564, 'p_q3a_4': 0.00028188865398166564, 'p_q8f_2': 0.00028188865398166564, 'p_q2f_3': 0.00028188865398166564, 'p_q5f': 0.00028188865398166564, 'p_q2i_5': 0.00028188865398166564, 'p_q12aa_3': 0.00028188865398166564, 'p_q2b_3': 0.00028188865398166564, 'p_q11d_3': 0.00028188865398166564, 'p_q3b': 0.00014094432699083282, 'p_q8c_5': 0.00014094432699083282, 'p_q11f_4': 0.00014094432699083282, 'p_q3c_1': 0.00014094432699083282, 'p_q2i_2': 0.00014094432699083282, 'p_q8c_4': 0.00014094432699083282, 'p_q1_9': 0.00014094432699083282, 'p_q9_7': 0.00014094432699083282, 'p_q7d_2': 0.00014094432699083282, 'p_q7d_3': 0.00014094432699083282, 'p_q8a_5': 0.00014094432699083282, 'p_q1_1': 0.00014094432699083282, 'p_q8a_1': 0.00014094432699083282, 'aca_s_10': 0.00014094432699083282, 'saf_p_10': 0.00014094432699083282, 'p_q2e_5': 0.00014094432699083282, 'p_q7b_2': 0.00014094432699081062, 'p_q1_14': 0.00014094432699081062, 'p_q4e_2': 0.0, 'p_q4e_1': 0.0, 'p_q4d_5': 0.0, 'p_q3c_5': 0.0, 'p_q4d_3': 0.0, 'p_q4d_2': 0.0, 'p_q4d_1': 0.0, 'p_q4c_5': 0.0, 'p_q4c_4': 0.0, 'p_q4c_3': 0.0, 'p_q4c_2': 0.0, 'p_q4b_4': 0.0, 'p_q4b_1': 0.0, 'p_q4a_3': 0.0, 'p_q3c_3': 0.0, 'p_q4e_3': 0.0, 'p_q3d_5': 0.0, 'p_q11f_1': 0.0, 'p_q4e_4': 0.0, 'p_q8f_4': 0.0, 'p_q10c': 0.0, 'p_q10f': 0.0, 'p_q10l': 0.0, 'p_q3b_4': 0.0, 'p_q11a_1': 0.0, 'p_q11a_2': 0.0, 'p_q11a_4': 0.0, 'p_q11b_3': 0.0, 'p_q11c_1': 0.0, 'p_q11c_2': 0.0, 'p_q11f_3': 0.0, 'p_q11c_4': 0.0, 'p_q11d_1': 0.0, 'p_q11d_4': 0.0, 'p_q11e_3': 0.0, 'p_q9_10': 0.0, 'p_q8e_5': 0.0, 'p_q4e_5': 0.0, 'p_q8e_3': 0.0, 'p_q5d': 0.0, 'p_q5h': 0.0, 'p_q6_4': 0.0, 'p_q7a_1': 0.0, 'p_q7a_4': 0.0, 'p_q7b_1': 0.0, 'p_q7b_4': 0.0, 'p_q7b_5': 0.0, 'p_q7c_5': 0.0, 'p_q7d_4': 0.0, 'p_q8b_1': 0.0, 'p_q8c_3': 0.0, 'p_q8d_4': 0.0, 'p_q8d_5': 0.0, 'p_q11e_4': 0.0, 'p_q3b_5': 0.0, 'p_q1_10': 0.0, 'p_q2g': 0.0, 'p_q2d': 0.0, 'p_q7a': 0.0, 'p_q8b': 0.0, 'p_q8c': 0.0, 'p_q8d': 0.0, 'p_q8e': 0.0, 'p_q8f': 0.0, 'p_q2b': 0.0, 'p_q3a': 0.0, 'p_q4a': 0.0, 'p_q4b': 0.0, 'p_q4c': 0.0, 'p_q11c': 0.0, 'p_q2a': 0.0, 'p_q2c': 0.0, 'p_q3c': 0.0, 'p_q11d': 0.0, 'p_q2i': 0.0, 'eng_s_10': 0.0, 'aca_p_10': 0.0, 'eng_p_10': 0.0, 'p_q7c_4': 0.0, 'p_q7c_2': 0.0, 'p_q11b': 0.0, 'p_q3a_1': 0.0, 'p_q8a_4': 0.0, 'N_p': 0.0, 'p_q2c_5': 0.0, 'p_q2g_1': 0.0, 'p_q2a_3': 0.0, 'sch_type': 0.0, 'borough': 0.0, 'principal': 0.0, 'studentsurvey': 0.0, 'N_t': 0.0, 'com_p_10': 0.0, 'p_q11e': 0.0, 'p_q12aa_4': 0.0, 'p_q2d_1': 0.0, 'p_q2b_4': 0.0, 'p_q2g_2': 0.0, 'p_q2f_5': 0.0, 'p_q2i_3': 0.0, 'p_q2f_4': 0.0, 'p_q2f_1': 0.0, 'p_q2e_4': 0.0, 'p_q2e_1': 0.0, 'p_q4e': 0.0, 'p_q2d_5': 0.0, 'p_q2d_4': 0.0, 'p_q2d_3': 0.0, 'p_q2g_5': 0.0, 'p_q2c_2': 0.0, 'p_q2b_5': 0.0, 'p_q2c_1': 0.0, 'p_q2i_1': 0.0, 'p_q2b_1': 0.0, 'p_q11a': 0.0, 'p_q11f': 0.0, 'p_q3a_5': 0.0, 'p_q1_2': 0.0, 'p_q1_6': 0.0, 'p_q1_12': 0.0, 'p_q1_13': 0.0, 'p_q2a_2': 0.0, 'p_q2g_3': 0.0, 'p_q2a_4': 0.0, 'p_q2a_5': 0.0, 'p_q3b_1': -2.2204460492503132e-17, 'p_q9_2': -2.2204460492503132e-17, 'p_q9_9': -2.2204460492503132e-17, 'p_q8d_2': -2.2204460492503132e-17, 'p_q3d_1': -0.00014094432699083282, 'p_q8e_4': -0.00014094432699083282, 'p_q2c_3': -0.00014094432699083282, 'nr_p': -0.00014094432699083282, 'p_q8e_1': -0.00014094432699083282, 'p_q3b_2': -0.00014094432699083282, 'p_q10d': -0.00014094432699083282, 'p_q8d_3': -0.00014094432699083282, 'p_q3d_3': -0.00014094432699083282, 'p_q8b_4': -0.00028188865398166564, 'p_q3b_3': -0.00028188865398166564, 'p_q3d_2': -0.00028188865398166564, 'p_q3a_3': -0.00028188865398166564, 'p_q11b_1': -0.0002818886539816878, 'p_q2e_3': -0.0002818886539816878, 'p_q3a_2': -0.00042283298097249843, 'p_q2d_2': -0.00042283298097249843, 'p_q11a_3': -0.00042283298097252066, 'p_q8c_2': -0.00042283298097252066, 'p_q7c_1': -0.00042283298097254283, 'p_q9_3': -0.00042283298097254283, 'p_q2f': -0.00042283298097254283, 'p_q9_5': -0.0005637773079633313, 'p_q1_7': -0.0005637773079633313, 'p_q2e': -0.0005637773079633535, 'p_q2h': -0.0005637773079633978, 'p_q8a_3': -0.0007047216349542085, 'p_q1_4': -0.0008456659619450413, 'p_q10i': -0.0011275546159267512, 'p_q6_5': -0.0014094432699083947}","['DBN', 'School Name', 'School Type', 'Total Parent Response Rate (%)', 'Total Teacher Response Rate (%)', 'Total Student Response Rate (%)', 'class', 'saf_tot_10', 'eng_tot_10', 'nr_s', 'aca_tot_10', 'com_tot_10', 'saf_t_10', 'p_q8f_3', 'p_q8a', 'p_q11e_1', 'p_q1_14', 'p_q1_5', 'p_q10k', 'saf_s_10', 'p_q10j', 'p_q11b_2', 'p_q10e', 'p_q10g', 'p_q7b_3', 'p_q7c_4', 'p_q1_3', 'aca_t_10', 'location', 'p_q1_4', 'p_q12ab_1', 'p_q9_4', 'p_q7c_3', 'p_q5c', 'p_q7c_2', 'nr_t', 'p_q7c_1', 'p_q8c_4', 'p_q8d_1', 'p_q5j', 'p_q3d_1', 'p_q11b', 'p_q3a_1', 'p_q9_7', 'rr_s', 'p_q8a_4', 'p_q7c', 'p_q10h', 'p_q12aa_1', 'p_q1_11', 'com_t_10', 'p_q9_2', 'p_q6', 'p_q2e_3', 'p_q3b_2', 'p_q8e_2', 'p_q8a_3', 'N_p', 'p_q2e_5', 'com_s_10', 'rr_p', 'p_q7b_2', 'p_q2g_4', 'p_q7d_1', 'eng_t_10', 'p_q8b_5', 'p_q2c_5', 'p_q4b_3', 'p_q12aa_5', 'p_q8b_4', 'p_q9_8', 'p_q7a_2', 'p_q6_3', 'p_q4a_2', 'p_q11e_2', 'p_q2g_1', 'p_q5f', 'p_q2h_1', 'p_q5g', 'p_q2i_5', 'p_q2h_5', 'p_q5b', 'p_q7a_5', 'p_q10d', 'p_q2f_2', 'p_q3d_2', 'p_q2a_3', 'p_q8a_1', 'p_q7d_5', 'p_q11d_2', 'p_q5a', 'p_q1_8', 'p_q11b_4', 'p_q2i_4', 'p_q10a', 'p_q8f_5', 'p_q4a_5', 'p_q4b_2', 'enrollment', 'rr_t']",,,
LightGBM,base--DBN-Schools_Progress_Report_2012-2013.csv--DBN-2010_Gen_Ed_Survey_Data.csv--DBN-2010_Gen_Ed_Survey_Data.csv--DBN-2010_Gen_Ed_Survey_Data.csv--DBN-2010_Gen_Ed_Survey_Data.csv--DBN-2010_Gen_Ed_Survey_Data.csv--DBN-2010_Gen_Ed_Survey_Data.csv--DBN-2010_Gen_Ed_Survey_Data.csv--DBN-2010_Gen_Ed_Survey_Data.csv--DBN-2010_Gen_Ed_Survey_Data.csv--DBN-2010_Gen_Ed_Survey_Data.csv--DBN-2010_Gen_Ed_Survey_Data.csv--DBN-2010_Gen_Ed_Survey_Data.csv--DBN-2010_Gen_Ed_Survey_Data.csv--DBN-2010_Gen_Ed_Survey_Data.csv--DBN-2010_Gen_Ed_Survey_Data.csv--DBN-2010_Gen_Ed_Survey_Data.csv--DBN-2010_Gen_Ed_Survey_Data.csv--DBN-2010_Gen_Ed_Survey_Data.csv--DBN-2010_Gen_Ed_Survey_Data.csv--DBN-2010_Gen_Ed_Survey_Data.csv--DBN-2010_Gen_Ed_Survey_Data.csv--DBN-2010_Gen_Ed_Survey_Data.csv--DBN-2010_Gen_Ed_Survey_Data.csv--DBN-2010_Gen_Ed_Survey_Data.csv--DBN-2010_Gen_Ed_Survey_Data.csv--DBN-2010_Gen_Ed_Survey_Data.csv--DBN-2010_Gen_Ed_Survey_Data.csv--DBN-2010_Gen_Ed_Survey_Data.csv--DBN-2010_Gen_Ed_Survey_Data.csv,MAB,school,,2016.74,2016.74,,0.6788732394366197,0,"{'saf_tot_10': 0.10246652572233968, 'Total Parent Response Rate (%)': 0.05271317829457365, 'Total Teacher Response Rate (%)': 0.03467230443974632, 'Total Student Response Rate (%)': 0.026074700493305136, 'p_q7b_2': 0.021423537702607454, 'School Type': 0.02057787174066241, 'saf_t_10': 0.01747709654686398, 'School Name': 0.016067653276955585, 'aca_tot_10': 0.013248766737138817, 'nr_s': 0.010147991543340363, 'p_q10j': 0.009161381254404488, 'com_tot_10': 0.008879492600422822, 'p_q12ab_1': 0.006201550387596866, 'p_q1_11': 0.005778717406624367, 'p_q8d_2': 0.005637773079633512, 'p_q9_8': 0.005355884425651847, 'p_q12aa_1': 0.005214940098661014, 'p_q9_2': 0.005073995771670203, 'p_q10h': 0.0047921071176885155, 'p_q10d': 0.004510218463706783, 'p_q3b_5': 0.004369274136715973, 'com_s_10': 0.00422832980972514, 'p_q3b_2': 0.0035236081747709314, 'p_q7a_3': 0.0032417195207892656, 'rr_p': 0.0032417195207892656, 'p_q7c_1': 0.003100775193798455, 'p_q10e': 0.003100775193798433, 'rr_t': 0.003100775193798433, 'p_q2a_3': 0.003100775193798433, 'p_q2c_2': 0.0031007751937984105, 'p_q11a_3': 0.002818886539816723, 'p_q7b_1': 0.0026779422128259344, 'p_q3b_1': 0.00267794221282589, 'p_q2b_3': 0.0023960535588442465, 'p_q10k': 0.0023960535588442244, 'p_q1_14': 0.002255109231853414, 'p_q7c_2': 0.002255109231853414, 'nr_p': 0.002114164904862559, 'p_q7c_3': 0.001973220577871748, 'p_q3d_3': 0.001973220577871748, 'p_q8f': 0.001973220577871726, 'p_q8a_5': 0.001973220577871726, 'p_q8f_3': 0.0016913319238900603, 'p_q4b_3': 0.0016913319238900382, 'p_q11c_4': 0.0015503875968992276, 'p_q1_10': 0.0015503875968991832, 'p_q5h': 0.0014094432699083503, 'p_q4a_4': 0.0014094432699083503, 'p_q5b': 0.0012684989429175397, 'p_q8a': 0.0012684989429175176, 'p_q11a_1': 0.0012684989429175176, 'p_q3a_5': 0.0011275546159266847, 'p_q2e_3': 0.0011275546159266626, 'p_q8a_4': 0.0011275546159266626, 'p_q8d_3': 0.000986610288935852, 'p_q11e_1': 0.000986610288935852, 'com_t_10': 0.000986610288935852, 'p_q6_3': 0.000986610288935852, 'p_q10g': 0.0009866102889358297, 'p_q8c_2': 0.0008456659619449969, 'p_q2i_4': 0.0007047216349541863, 'p_q11d_1': 0.0007047216349541641, 'N_s': 0.0005637773079633535, 'p_q12aa_2': 0.0005637773079633535, 'p_q1_3': 0.0005637773079633313, 'p_q11f': 0.0005637773079633313, 'eng_s_10': 0.0005637773079633313, 'N_p': 0.0005637773079633313, 'p_q4a_1': 0.0005637773079633313, 'enrollment': 0.00042283298097252066, 'p_q11b_3': 0.00042283298097249843, 'eng_tot_10': 0.00028188865398166564, 'p_q4e_5': 0.00028188865398166564, 'p_q5i': 0.00028188865398166564, 'p_q3c_2': 0.00014094432699083282, 'p_q4a_2': 0.00014094432699083282, 'p_q8a_2': 0.00014094432699081062, 'p_q4c_4': 0.0, 'p_q4d_3': 0.0, 'p_q7d_3': 0.0, 'p_q4d_1': 0.0, 'p_q4c_5': 0.0, 'p_q4b_5': 0.0, 'p_q4c_3': 0.0, 'p_q4c_2': 0.0, 'p_q4c_1': 0.0, 'p_q4e_2': 0.0, 'p_q4d_4': 0.0, 'p_q7a_4': 0.0, 'p_q5a': 0.0, 'p_q5g': 0.0, 'p_q6_2': 0.0, 'p_q7a_1': 0.0, 'p_q4b_2': 0.0, 'p_q7a_5': 0.0, 'p_q7b_3': 0.0, 'p_q7b_4': 0.0, 'p_q7b_5': 0.0, 'p_q7c_4': 0.0, 'p_q7c_5': 0.0, 'p_q7d_1': 0.0, 'p_q4b_4': 0.0, 'p_q3d_4': 0.0, 'p_q4b_1': 0.0, 'p_q3a_2': 0.0, 'p_q2h_1': 0.0, 'p_q2h_2': 0.0, 'p_q2h_3': 0.0, 'p_q2h_4': 0.0, 'p_q2h_5': 0.0, 'p_q2i_1': 0.0, 'p_q2i_2': 0.0, 'p_q2i_3': 0.0, 'p_q2i_5': 0.0, 'p_q3a_1': 0.0, 'p_q3a_3': 0.0, 'p_q4a_5': 0.0, 'p_q3a_4': 0.0, 'p_q3b_3': 0.0, 'p_q3b_4': 0.0, 'p_q3c_1': 0.0, 'p_q3c_4': 0.0, 'p_q3c_5': 0.0, 'p_q3d_1': 0.0, 'p_q3d_2': 0.0, 'p_q3d_5': 0.0, 'p_q4a_3': 0.0, 'p_q7d_2': 0.0, 'p_q11b_4': 0.0, 'p_q8b_3': 0.0, 'p_q10a': 0.0, 'p_q10c': 0.0, 'p_q10f': 0.0, 'p_q10i': 0.0, 'p_q10l': 0.0, 'p_q11a_2': 0.0, 'p_q11a_4': 0.0, 'p_q11b_1': 0.0, 'p_q11b_2': 0.0, 'p_q2g_4': 0.0, 'p_q11c_1': 0.0, 'p_q11c_2': 0.0, 'p_q11c_3': 0.0, 'p_q11d_2': 0.0, 'p_q11d_3': 0.0, 'p_q11d_4': 0.0, 'p_q11e_2': 0.0, 'p_q11e_4': 0.0, 'p_q11f_1': 0.0, 'p_q11f_2': 0.0, 'p_q11f_3': 0.0, 'p_q11f_4': 0.0, 'p_q12aa_3': 0.0, 'p_q12aa_4': 0.0, 'p_q10b': 0.0, 'p_q9_10': 0.0, 'p_q8b_4': 0.0, 'p_q9_9': 0.0, 'p_q8b_5': 0.0, 'p_q8c_1': 0.0, 'p_q8c_3': 0.0, 'p_q8c_4': 0.0, 'p_q8c_5': 0.0, 'p_q8d_1': 0.0, 'p_q8d_4': 0.0, 'p_q8d_5': 0.0, 'p_q8e_1': 0.0, 'p_q8e_2': 0.0, 'p_q8e_3': 0.0, 'p_q8e_4': 0.0, 'p_q8e_5': 0.0, 'p_q8f_1': 0.0, 'p_q8f_2': 0.0, 'p_q8f_4': 0.0, 'p_q8f_5': 0.0, 'p_q9_1': 0.0, 'p_q9_3': 0.0, 'p_q9_4': 0.0, 'p_q9_5': 0.0, 'p_q9_6': 0.0, 'p_q9_7': 0.0, 'p_q2g_5': 0.0, 'p_q1_5': 0.0, 'p_q2g_3': 0.0, 'p_q7d': 0.0, 'com_p_10': 0.0, 'eng_p_10': 0.0, 'aca_p_10': 0.0, 'eng_t_10': 0.0, 'aca_t_10': 0.0, 'saf_s_10': 0.0, 'aca_s_10': 0.0, 'p_q2i': 0.0, 'p_q7a': 0.0, 'p_q7b': 0.0, 'p_q7c': 0.0, 'p_q8b': 0.0, 'p_q2g_2': 0.0, 'p_q8c': 0.0, 'p_q8d': 0.0, 'p_q8e': 0.0, 'p_q2b': 0.0, 'p_q2d': 0.0, 'p_q2f': 0.0, 'p_q2g': 0.0, 'p_q2h': 0.0, 'p_q3a': 0.0, 'p_q3b': 0.0, 'p_q4b': 0.0, 'saf_p_10': 0.0, 'nr_t': 0.0, 'N_t': 0.0, 'rr_s': 0.0, 'p_q6_4': 0.0, 'p_q7a_2': 0.0, 'p_q8b_2': 0.0, 'p_q5j': 0.0, 'p_q6_5': 0.0, 'p_q8b_1': 0.0, 'p_q5c': 0.0, 'p_q6_1': 0.0, 'p_q8a_3': 0.0, 'p_q4e_3': 0.0, 'p_q5f': 0.0, 'p_q8a_1': 0.0, 'p_q4d_5': 0.0, 'p_q4e_4': 0.0, 'p_q7d_5': 0.0, 'p_q4d_2': 0.0, 'p_q4e_1': 0.0, 'p_q7d_4': 0.0, 'sch_type': 0.0, 'location': 0.0, 'borough': 0.0, 'principal': 0.0, 'studentsurvey': 0.0, 'p_q4c': 0.0, 'p_q11c': 0.0, 'p_q2a': 0.0, 'p_q2a_4': 0.0, 'p_q2b_1': 0.0, 'p_q2b_2': 0.0, 'p_q2b_4': 0.0, 'p_q2b_5': 0.0, 'p_q2c_1': 0.0, 'p_q2c_3': 0.0, 'p_q2c_4': 0.0, 'p_q2c_5': 0.0, 'p_q2d_1': 0.0, 'p_q2d_2': 0.0, 'p_q2d_3': 0.0, 'p_q2d_4': 0.0, 'p_q2d_5': 0.0, 'p_q2e_1': 0.0, 'p_q2e_2': 0.0, 'p_q2e_4': 0.0, 'p_q2e_5': 0.0, 'p_q2f_1': 0.0, 'p_q2f_2': 0.0, 'p_q2f_3': 0.0, 'p_q2f_4': 0.0, 'p_q2f_5': 0.0, 'p_q2g_1': 0.0, 'p_q2c': 0.0, 'p_q2a_5': 0.0, 'p_q2a_2': 0.0, 'p_q2a_1': 0.0, 'p_q2e': 0.0, 'p_q3c': 0.0, 'p_q6': 0.0, 'p_q11d': 0.0, 'p_q11e': 0.0, 'p_q5': 0.0, 'p_q4a': 0.0, 'p_q4d': 0.0, 'p_q4e': 0.0, 'p_q11a': 0.0, 'p_q12aa_5': 0.0, 'p_q11b': 0.0, 'p_q1_2': 0.0, 'p_q1_4': 0.0, 'p_q1_6': 0.0, 'p_q1_7': 0.0, 'p_q1_8': 0.0, 'p_q1_9': 0.0, 'p_q1_12': 0.0, 'p_q1_13': 0.0, 'p_q3c_3': -0.00028188865398166564, 'p_q1_1': -0.00042283298097252066, 'p_q5e': -0.0008456659619450413, 'p_q5d': -0.0009866102889358962, 'p_q11e_3': -0.0016913319238900603}","['DBN', 'School Name', 'School Type', 'Total Parent Response Rate (%)', 'Total Teacher Response Rate (%)', 'Total Student Response Rate (%)', 'class', 'saf_tot_10', 'p_q7b_2', 'saf_t_10', 'aca_tot_10', 'nr_s', 'p_q10j', 'com_tot_10', 'p_q12ab_1', 'p_q1_11', 'p_q8d_2', 'p_q9_8', 'p_q12aa_1', 'p_q9_2', 'p_q10h', 'p_q10d', 'p_q3b_5', 'com_s_10', 'p_q3b_2', 'p_q7a_3', 'rr_p', 'p_q7c_1', 'p_q10e', 'rr_t', 'p_q2a_3', 'p_q2c_2', 'p_q11a_3', 'p_q7b_1', 'p_q3b_1', 'p_q2b_3', 'p_q10k', 'p_q1_14', 'p_q7c_2', 'nr_p', 'p_q7c_3', 'p_q3d_3', 'p_q8f', 'p_q8a_5', 'p_q8f_3', 'p_q4b_3', 'p_q11c_4', 'p_q1_10', 'p_q5h', 'p_q4a_4', 'p_q5b', 'p_q11a_1', 'p_q8a', 'p_q3a_5', 'p_q2e_3', 'p_q8a_4', 'p_q8d_3', 'p_q11e_1', 'com_t_10', 'p_q6_3', 'p_q10g', 'p_q8c_2', 'p_q2i_4', 'p_q11d_1', 'N_s', 'p_q12aa_2', 'eng_s_10', 'p_q4a_1', 'N_p', 'p_q1_3', 'p_q11f', 'enrollment', 'p_q11b_3', 'eng_tot_10', 'p_q4e_5', 'p_q5i', 'p_q3c_2', 'p_q4a_2', 'p_q8a_2', 'p_q6_4', 'p_q7a_2', 'p_q8b_2', 'p_q5j', 'p_q6_5', 'p_q8b_1', 'p_q5c', 'p_q6_1', 'p_q8a_3', 'p_q4e_3', 'p_q5f', 'p_q8a_1', 'p_q4d_5', 'p_q4e_4', 'p_q7d_5', 'p_q4d_2', 'p_q4e_1', 'p_q7d_4', 'p_q4c_4', 'p_q4d_3', 'p_q7d_3']",,,
RandomForest,base--DBN-Schools_Progress_Report_2012-2013.csv--DBN-2010_Gen_Ed_Survey_Data.csv--DBN-2010_Gen_Ed_Survey_Data.csv--DBN-2010_Gen_Ed_Survey_Data.csv--DBN-2010_Gen_Ed_Survey_Data.csv--DBN-2010_Gen_Ed_Survey_Data.csv--DBN-2010_Gen_Ed_Survey_Data.csv--DBN-2010_Gen_Ed_Survey_Data.csv--DBN-2010_Gen_Ed_Survey_Data.csv--DBN-2010_Gen_Ed_Survey_Data.csv--DBN-2010_Gen_Ed_Survey_Data.csv--DBN-2010_Gen_Ed_Survey_Data.csv--DBN-2010_Gen_Ed_Survey_Data.csv--DBN-2010_Gen_Ed_Survey_Data.csv--DBN-2010_Gen_Ed_Survey_Data.csv--DBN-2010_Gen_Ed_Survey_Data.csv--DBN-2010_Gen_Ed_Survey_Data.csv--DBN-2010_Gen_Ed_Survey_Data.csv--DBN-2010_Gen_Ed_Survey_Data.csv--DBN-2010_Gen_Ed_Survey_Data.csv--DBN-2010_Gen_Ed_Survey_Data.csv--DBN-2010_Gen_Ed_Survey_Data.csv--DBN-2010_Gen_Ed_Survey_Data.csv--DBN-2010_Gen_Ed_Survey_Data.csv--DBN-2010_Gen_Ed_Survey_Data.csv--DBN-2010_Gen_Ed_Survey_Data.csv--DBN-2010_Gen_Ed_Survey_Data.csv--DBN-2010_Gen_Ed_Survey_Data.csv--DBN-2010_Gen_Ed_Survey_Data.csv--DBN-2010_Gen_Ed_Survey_Data.csv,MAB,school,,2018.13,2018.13,,0.6901408450704225,0,"{'School Name': 0.07766032417195204, 'Total Teacher Response Rate (%)': 0.02226920366455243, 'Total Parent Response Rate (%)': 0.017477096546863934, 'Total Student Response Rate (%)': 0.00916138125440442, 'location': 0.0043692741367159504, 'School Type': 0.004228329809725118, 'p_q11a_2': 0.00267794221282589, 'aca_t_10': 0.001691331923890016, 'p_q2h_2': 0.0016913319238899937, 'p_q2b_2': 0.0014094432699083281, 'p_q7d_3': 0.0012684989429174952, 'p_q11b_2': 0.0012684989429174952, 'p_q3c_3': 0.0012684989429174952, 'p_q2g_5': 0.0012684989429174952, 'p_q2h_3': 0.0012684989429174952, 'p_q2a': 0.0011275546159266626, 'p_q9_6': 0.0011275546159266626, 'com_t_10': 0.0011275546159266626, 'p_q8b_5': 0.0011275546159266626, 'p_q2e_1': 0.0011275546159266626, 'p_q7c_5': 0.0011275546159266626, 'p_q2f_3': 0.0009866102889358297, 'p_q3c_4': 0.0009866102889358297, 'N_t': 0.0009866102889358297, 'saf_s_10': 0.0009866102889358297, 'p_q2e_3': 0.0009866102889358297, 'p_q2g': 0.0009866102889358297, 'p_q2c': 0.0009866102889358297, 'p_q2d': 0.0009866102889358297, 'p_q2b_1': 0.0009866102889358297, 'p_q3d_2': 0.0009866102889358297, 'p_q6_3': 0.0009866102889358297, 'p_q8c_4': 0.0009866102889358297, 'p_q5g': 0.0009866102889358297, 'p_q8d_2': 0.0008456659619450191, 'p_q2e_2': 0.0008456659619449969, 'p_q8f_2': 0.0008456659619449969, 'p_q5f': 0.0008456659619449969, 'p_q7a_4': 0.0008456659619449969, 'p_q6': 0.0008456659619449969, 'p_q11d_2': 0.0008456659619449969, 'p_q4b_1': 0.0008456659619449969, 'p_q7a_1': 0.0008456659619449969, 'p_q3b': 0.0008456659619449969, 'p_q2g_1': 0.0008456659619449969, 'p_q10a': 0.0008456659619449746, 'p_q7d': 0.0007047216349541641, 'rr_t': 0.0007047216349541641, 'p_q2b_4': 0.0007047216349541641, 'p_q7a': 0.0007047216349541641, 'p_q2a_2': 0.0007047216349541641, 'p_q2f': 0.0007047216349541641, 'p_q10c': 0.0007047216349541641, 'p_q11b': 0.0007047216349541641, 'aca_p_10': 0.0007047216349541641, 'p_q8c_5': 0.0007047216349541641, 'p_q3a': 0.0007047216349541641, 'p_q10f': 0.0007047216349541641, 'p_q3c_5': 0.0007047216349541641, 'p_q3d_3': 0.0007047216349541641, 'p_q9_5': 0.0007047216349541641, 'nr_t': 0.0007047216349541641, 'p_q11c_4': 0.0007047216349541641, 'saf_p_10': 0.0007047216349541641, 'com_tot_10': 0.0007047216349541418, 'p_q3d_4': 0.0007047216349541418, 'p_q4b_4': 0.0007047216349541418, 'com_p_10': 0.0005637773079633313, 'p_q11d_4': 0.0005637773079633313, 'nr_p': 0.0005637773079633313, 'p_q6_1': 0.0005637773079633313, 'p_q2e': 0.0005637773079633313, 'p_q8e_2': 0.0005637773079633313, 'p_q11f': 0.0005637773079633313, 'p_q1_6': 0.0005637773079633313, 'p_q8d_4': 0.0005637773079633313, 'p_q1_7': 0.0005637773079633313, 'p_q1_9': 0.0005637773079633313, 'p_q2a_3': 0.0005637773079633313, 'p_q2d_2': 0.0005637773079633313, 'p_q8c_3': 0.0005637773079633313, 'p_q7c_4': 0.0005637773079633313, 'p_q6_4': 0.0005637773079633313, 'p_q4c_3': 0.0005637773079633313, 'p_q4d_1': 0.0005637773079633313, 'p_q3b_5': 0.0005637773079633313, 'p_q12ab_1': 0.0005637773079633313, 'p_q7a_2': 0.0005637773079633313, 'aca_tot_10': 0.0005637773079633313, 'p_q10j': 0.0005637773079633313, 'p_q2c_1': 0.0005637773079633313, 'p_q4b_2': 0.000563777307963309, 'saf_t_10': 0.000563777307963309, 'p_q8d_3': 0.000563777307963309, 'p_q2a_4': 0.00042283298097249843, 'p_q4a_4': 0.00042283298097249843, 'p_q7b_4': 0.00042283298097249843, 'p_q4b': 0.00042283298097249843, 'p_q2d_5': 0.00042283298097249843, 'p_q11d': 0.00042283298097249843, 'p_q5j': 0.00042283298097249843, 'p_q4a_2': 0.00042283298097249843, 'p_q2f_5': 0.00042283298097249843, 'p_q3a_2': 0.00042283298097249843, 'p_q7c_1': 0.00042283298097249843, 'p_q11c_1': 0.00042283298097249843, 'p_q3c_2': 0.00042283298097249843, 'p_q3c_1': 0.00042283298097249843, 'p_q3a_1': 0.00042283298097249843, 'p_q2i_3': 0.00042283298097249843, 'p_q2h_4': 0.00042283298097249843, 'p_q1_1': 0.00042283298097249843, 'nr_s': 0.00042283298097249843, 'N_p': 0.00042283298097249843, 'N_s': 0.00042283298097249843, 'p_q7d_1': 0.00042283298097249843, 'p_q7d_5': 0.00042283298097249843, 'p_q12aa_3': 0.00042283298097249843, 'p_q9_4': 0.00042283298097249843, 'p_q8b_3': 0.00042283298097249843, 'p_q2h_5': 0.00042283298097249843, 'p_q8d_5': 0.00042283298097249843, 'p_q8f': 0.00042283298097249843, 'p_q10g': 0.00042283298097249843, 'p_q9_9': 0.00042283298097249843, 'p_q8e_3': 0.00042283298097249843, 'p_q3d_1': 0.00042283298097247626, 'p_q8d_1': 0.00042283298097247626, 'p_q8e': 0.00042283298097247626, 'saf_tot_10': 0.00042283298097247626, 'p_q2f_1': 0.00042283298097247626, 'p_q10k': 0.00028188865398166564, 'p_q2i_5': 0.00028188865398166564, 'p_q2f_4': 0.00028188865398166564, 'p_q11d_1': 0.00028188865398166564, 'p_q2e_4': 0.00028188865398166564, 'p_q10h': 0.00028188865398166564, 'rr_s': 0.00028188865398166564, 'p_q3d_5': 0.00028188865398166564, 'p_q9_7': 0.00028188865398166564, 'p_q9_1': 0.00028188865398166564, 'rr_p': 0.00028188865398166564, 'p_q4c_1': 0.00028188865398166564, 'p_q9_2': 0.00028188865398166564, 'p_q4c_4': 0.00028188865398166564, 'p_q4c_5': 0.00028188865398166564, 'p_q4d_2': 0.00028188865398166564, 'p_q4d_5': 0.00028188865398166564, 'p_q8a_5': 0.00028188865398166564, 'p_q8f_5': 0.00028188865398166564, 'p_q8a_1': 0.00028188865398166564, 'p_q2c_5': 0.00028188865398166564, 'p_q2a_5': 0.00028188865398166564, 'p_q2c_4': 0.00028188865398166564, 'p_q2c_3': 0.00028188865398166564, 'p_q2b_5': 0.00028188865398166564, 'p_q2i': 0.00028188865398166564, 'p_q4d': 0.00028188865398166564, 'p_q11e': 0.00028188865398166564, 'p_q1_11': 0.00028188865398166564, 'p_q11f_2': 0.0002818886539816434, 'p_q11b_1': 0.0002818886539816434, 'p_q8e_1': 0.0002818886539816434, 'p_q7d_2': 0.0002818886539816434, 'p_q12aa_2': 0.0002818886539816434, 'eng_s_10': 0.0002818886539816434, 'p_q8c_1': 0.0002818886539816434, 'eng_p_10': 0.0002818886539816434, 'enrollment': 0.00028188865398162124, 'p_q7b_2': 0.00028188865398162124, 'p_q10l': 0.00014094432699083282, 'p_q8f_4': 0.00014094432699083282, 'p_q4b_5': 0.00014094432699083282, 'p_q4b_3': 0.00014094432699083282, 'sch_type': 0.00014094432699083282, 'p_q8e_4': 0.00014094432699083282, 'p_q8c': 0.00014094432699083282, 'p_q1_12': 0.00014094432699083282, 'p_q3a_3': 0.00014094432699083282, 'p_q8b_2': 0.00014094432699081062, 'p_q5': 0.00014094432699081062, 'p_q2d_1': 0.00014094432699081062, 'p_q9_8': 0.00014094432699081062, 'p_q8b': 0.00014094432699081062, 'p_q8e_5': 0.00014094432699081062, 'p_q11a': 0.00014094432699081062, 'p_q5b': 0.00014094432699081062, 'p_q8b_1': 0.00014094432699081062, 'p_q2c_2': 0.00014094432699081062, 'com_s_10': 0.00014094432699081062, 'p_q5i': 0.00014094432699081062, 'p_q11c_2': 0.00014094432699081062, 'p_q12aa_1': 0.0001409443269907884, 'eng_t_10': 0.0001409443269907884, 'p_q7c_2': 0.0, 'p_q4e_2': 0.0, 'p_q7b_5': 0.0, 'p_q2d_4': 0.0, 'p_q7d_4': 0.0, 'p_q8b_4': 0.0, 'p_q4e_4': 0.0, 'p_q9_10': 0.0, 'p_q11e_3': 0.0, 'p_q11e_4': 0.0, 'p_q11f_3': 0.0, 'p_q11f_4': 0.0, 'p_q4e_5': 0.0, 'p_q4a_3': 0.0, 'p_q4e_3': 0.0, 'p_q2g_4': 0.0, 'p_q1_8': 0.0, 'p_q1_3': 0.0, 'p_q1_14': 0.0, 'p_q1_13': 0.0, 'p_q4e_1': 0.0, 'p_q4e': 0.0, 'p_q2g_2': 0.0, 'p_q4d_3': 0.0, 'p_q3b_2': 0.0, 'p_q4d_4': 0.0, 'p_q4a_5': 0.0, 'p_q1_5': -2.2204460492503132e-17, 'p_q5e': -2.2204460492503132e-17, 'p_q5c': -2.2204460492503132e-17, 'p_q7b_3': -2.2204460492503132e-17, 'p_q4c_2': -4.4408920985006264e-17, 'p_q4a_1': -0.00014094432699085502, 'p_q3a_5': -0.00014094432699085502, 'p_q2d_3': -0.00014094432699085502, 'p_q11a_3': -0.00014094432699085502, 'p_q6_5': -0.00014094432699085502, 'p_q6_2': -0.00014094432699085502, 'aca_s_10': -0.00014094432699085502, 'p_q10i': -0.00014094432699087722, 'p_q2i_2': -0.00014094432699087722, 'p_q10b': -0.00014094432699087722, 'p_q5h': -0.00014094432699087722, 'p_q11b_4': -0.00014094432699087722, 'principal': -0.00014094432699087722, 'p_q2h': -0.00014094432699087722, 'p_q8c_2': -0.00014094432699087722, 'p_q11d_3': -0.00014094432699087722, 'p_q7a_5': -0.00014094432699087722, 'p_q4a': -0.00014094432699087722, 'p_q3c': -0.00014094432699087722, 'p_q5a': -0.00014094432699087722, 'p_q8a_3': -0.00014094432699087722, 'p_q9_3': -0.00014094432699089942, 'p_q8a_2': -0.00014094432699089942, 'p_q8d': -0.00028188865398171004, 'p_q2b': -0.00028188865398171004, 'p_q2a_1': -0.00028188865398171004, 'p_q10d': -0.00028188865398171004, 'p_q7b': -0.00028188865398171004, 'p_q7a_3': -0.00028188865398171004, 'p_q2e_5': -0.00028188865398171004, 'p_q8f_3': -0.00028188865398171004, 'p_q2i_4': -0.00028188865398171004, 'p_q3b_4': -0.00028188865398171004, 'p_q10e': -0.00028188865398171004, 'p_q7c': -0.00028188865398171004, 'p_q8f_1': -0.00028188865398173226, 'p_q3b_1': -0.00028188865398173226, 'p_q11c': -0.00028188865398173226, 'p_q11e_2': -0.00042283298097256505, 'p_q8a': -0.00042283298097256505, 'eng_tot_10': -0.00042283298097256505, 'p_q11e_1': -0.00042283298097256505, 'p_q7c_3': -0.00042283298097256505, 'p_q1_2': -0.00042283298097256505, 'p_q1_4': -0.00042283298097256505, 'p_q2b_3': -0.00042283298097256505, 'p_q1_10': -0.00042283298097256505, 'p_q3a_4': -0.0004228329809725873, 'p_q12aa_5': -0.0005637773079633756, 'p_q11a_1': -0.0005637773079633756, 'p_q7b_1': -0.0005637773079633978, 'p_q2g_3': -0.0005637773079633978, 'p_q5d': -0.0005637773079633978, 'p_q11a_4': -0.0005637773079634201, 'p_q12aa_4': -0.0005637773079634201, 'p_q11c_3': -0.0005637773079634201, 'p_q4c': -0.0005637773079634201, 'p_q11f_1': -0.0007047216349542529, 'p_q2h_1': -0.0007047216349542751, 'p_q2i_1': -0.0007047216349542751, 'p_q3b_3': -0.0008456659619450857, 'p_q2f_2': -0.0008456659619451079, 'borough': -0.0009866102889359186, 'studentsurvey': -0.0009866102889359186, 'p_q8a_4': -0.0012684989429175841, 'p_q11b_3': -0.0012684989429176063}","['DBN', 'School Name', 'School Type', 'Total Parent Response Rate (%)', 'Total Teacher Response Rate (%)', 'Total Student Response Rate (%)', 'class', 'location', 'p_q4c', 'p_q2g_1', 'p_q3a', 'p_q2a', 'p_q10f', 'p_q2h', 'p_q10g', 'rr_s', 'p_q2g_3', 'borough', 'p_q9_6', 'N_s', 'enrollment', 'p_q2h_5', 'p_q2c_2', 'p_q8d', 'p_q5g', 'p_q8e_5', 'p_q4b_2', 'p_q4a_1', 'saf_t_10', 'p_q10a', 'p_q8f_5', 'p_q7c_2', 'p_q11d_2', 'p_q2c_5', 'p_q7a_3', 'p_q11e_1', 'p_q9_2', 'p_q8e_1', 'p_q9_5', 'p_q7a_1', 'rr_p', 'p_q8b_5', 'p_q1_1', 'p_q2b_1', 'p_q8b_1', 'p_q11f_1', 'aca_tot_10', 'studentsurvey', 'p_q3c_3', 'aca_s_10', 'p_q7b_2', 'saf_s_10', 'eng_t_10', 'p_q3a_2', 'nr_s', 'com_tot_10', 'p_q2i_4', 'p_q11c_1', 'p_q3b_2', 'p_q3b_4', 'N_t', 'saf_tot_10', 'p_q7c', 'p_q2b_3', 'p_q8d_2', 'rr_t', 'p_q2g_5', 'p_q10j', 'p_q8d_3', 'eng_tot_10', 'com_t_10', 'p_q4e_2', 'p_q5a', 'p_q2b_2', 'p_q2d_3', 'p_q2c_1', 'p_q8d_1', 'p_q7d_5', 'p_q7a', 'aca_t_10', 'p_q5d', 'p_q8c_2', 'p_q8d_5', 'p_q2c', 'p_q3a_4', 'p_q11f_2', 'p_q5h', 'p_q8e', 'p_q7a_2', 'p_q2f_3', 'p_q11c', 'p_q8f_1', 'p_q10e', 'p_q10d', 'p_q8a', 'p_q2h_2', 'p_q2d', 'p_q11a_2', 'p_q7d_3', 'p_q11b_2']",,,
ExtraTrees,temp,MAB,air,,182.91,182.91,,0.9271343143970376,0,"{'f0_': 17.019023619851577, 'Day': 1.5942377762142947, 'f1_': 0.03428271838471262, 'f6_': 0.007590714159596068, 'f5_': 0.0073647639539787145, 'f4_': 0.005022952429821914, 'f2_': -0.000419242397328512, 'f3_': -0.0007679485642706485}","['Day', 'Temperature', 'f0_', 'f1_', 'f2_', 'f3_', 'f4_', 'f5_', 'f6_']",,,
XGBoost,temp,MAB,air,,126.05,126.05,,0.867527698372717,0,"{'f0_': 18.183272221852345, 'Day': 0.7862464820741213, 'f1_': 0.054615564761411696, 'f2_': 0.025197578614917227, 'f4_': 0.024633242145331156, 'f5_': 0.013108423893028132, 'f6_': 0.010088065099683675, 'f3_': 0.009398326674974266}","['Day', 'Temperature', 'f0_', 'f1_', 'f2_', 'f3_', 'f4_', 'f5_', 'f6_']",,,
LightGBM,temp,MAB,air,,87.9,87.9,,0.8647942833301986,0,"{'f0_': 18.344644559789685, 'Day': 0.60229284570614, 'f1_': 0.05886066610769636, 'f5_': 0.024053149799974062, 'f6_': 0.004800476525941666, 'f4_': 0.0036199247622011434, 'f2_': -0.0028927159481955565, 'f3_': -0.0037113526308234722}","['Day', 'Temperature', 'f0_', 'f1_', 'f2_', 'f3_', 'f4_', 'f5_', 'f6_']",,,
RandomForest,temp,MAB,air,,182.73,182.73,,0.9608393101501778,0,"{'f0_': 18.828689732529675, 'Day': 0.23285540963420592, 'f1_': 0.05009545026924829, 'f5_': 0.004455313863323851, 'f6_': 0.0027442311947476926, 'f4_': 0.0018710005088538929, 'f3_': 0.0003225270765103705, 'f2_': -0.0008392611290067853}","['Day', 'Temperature', 'f0_', 'f1_', 'f2_', 'f3_', 'f4_', 'f5_', 'f6_']",,,
ExtraTrees,table_0_0--Key_0_0-table_1_1.csv--Key_0_0-table_1_1.csv--Key_0_0-table_1_2.csv--Key_0_0-table_1_2.csv--Key_0_0-table_1_3.csv--Key_0_0-table_1_3.csv,MAB,yprop,,52.18,52.18,,0.0287482167481047,0,"{'oz250': 0.008235623192855882, 'Key_1_1': 0.006765125313998683, 'Key_1_2': 0.006754045621423325, 'Key_0_0': 0.006080824978352875, 'Key_1_3': 0.005611606601811091, 'oz5': 0.004217330532873696, 'oz10': 0.003760541223171908, 'oz131': 0.0034489174795515735, 'oz173': 0.0032756071349485426, 'oz6': 0.003274255028346498, 'oz177': 0.0031696580621554393, 'oz126': 0.003096256852020413, 'oz9': 0.0028598847470427376, 'oz127': 0.002858143673517599, 'oz133': 0.0027271165566457593, 'oz185': 0.0025348464432604963, 'oz31': 0.001594662376751686, 'oz11': 0.0015731593452164635, 'oz178': 0.0008255348377834828, 'oz87': 0.0006176129194878875}","['oz252', 'oz6', 'oz5', 'oz133', 'oz9', 'Key_0_0', 'oz250', 'Key_1_1', 'oz10', 'oz126', 'oz185', 'Key_1_2', 'oz127', 'oz11', 'oz31', 'oz87', 'Key_1_3', 'oz131', 'oz173', 'oz177', 'oz178']",,,
XGBoost,table_0_0--Key_0_0-table_1_1.csv--Key_0_0-table_1_1.csv--Key_0_0-table_1_2.csv--Key_0_0-table_1_2.csv--Key_0_0-table_1_3.csv--Key_0_0-table_1_3.csv,MAB,yprop,,17.34,17.34,,0.0287974887411789,0,"{'oz250': 0.00396719017904479, 'oz10': 0.002523948927629165, 'oz5': 0.0012759905776123764, 'oz9': 0.0007231145585285072, 'Key_1_1': 0.0005933917482511278, 'Key_0_0': 0.0005863419458889289, 'Key_1_2': 0.0005817276517773133, 'oz6': 0.0004918716446232617, 'Key_1_3': 0.00048185187690674214, 'oz127': 0.0003900286031237876, 'oz131': 0.0001795618756874798, 'oz126': 0.00017172106827832156, 'oz133': 0.00016478332250580429, 'oz177': 0.00014193305758414683, 'oz11': 9.538342338381856e-05, 'oz31': 6.79524918992952e-05, 'oz185': 5.35377602228014e-05, 'oz173': 4.87280902149001e-05, 'oz178': 4.5386097737742245e-05, 'oz87': 3.4175965516005516e-05}","['oz252', 'oz6', 'oz5', 'oz133', 'oz9', 'Key_0_0', 'oz250', 'oz10', 'Key_1_1', 'oz126', 'oz185', 'Key_1_2', 'oz127', 'oz31', 'oz11', 'oz87', 'Key_1_3', 'oz131', 'oz177', 'oz173', 'oz178']",,,
LightGBM,table_0_0--Key_0_0-table_1_1.csv--Key_0_0-table_1_1.csv--Key_0_0-table_1_2.csv--Key_0_0-table_1_2.csv--Key_0_0-table_1_3.csv--Key_0_0-table_1_3.csv,MAB,yprop,,8.25,8.25,,0.0284092121513101,0,"{'oz250': 0.0002294822111779983, 'oz6': 0.00010647589504955146, 'oz133': 7.368514702609102e-05, 'Key_1_2': 7.081790606419531e-05, 'oz9': 6.966535387973317e-05, 'oz10': 5.2910182687012504e-05, 'Key_0_0': 4.595115769148936e-05, 'oz5': 3.9250145904946855e-05, 'Key_1_1': 3.5499786178389005e-05, 'oz127': 3.266561881668031e-05, 'Key_1_3': 2.858804793077624e-05, 'oz131': 1.3870827704436789e-05, 'oz31': 1.0457096461199966e-05, 'oz177': 1.0026163312386316e-05, 'oz126': 6.393037040633432e-06, 'oz173': 3.715512783909053e-06, 'oz178': 3.4263887172120144e-06, 'oz185': 3.343491797130893e-06, 'oz11': 9.82312541451813e-07, 'oz87': 0.0}","['oz252', 'oz6', 'oz5', 'oz133', 'oz9', 'Key_0_0', 'oz250', 'oz10', 'Key_1_1', 'oz126', 'oz185', 'Key_1_2', 'oz127', 'oz31', 'oz87', 'oz11', 'Key_1_3', 'oz131', 'oz177', 'oz173', 'oz178']",,,
RandomForest,table_0_0--Key_0_0-table_1_1.csv--Key_0_0-table_1_1.csv--Key_0_0-table_1_2.csv--Key_0_0-table_1_2.csv--Key_0_0-table_1_3.csv--Key_0_0-table_1_3.csv,MAB,yprop,,66.77,66.77,,0.0295862473557154,0,"{'oz250': 0.00991008728301241, 'Key_1_2': 0.007208822690742117, 'Key_1_1': 0.006658579782487661, 'Key_0_0': 0.006484356344495759, 'Key_1_3': 0.006114217718872846, 'oz6': 0.0035758543904556373, 'oz127': 0.0021410501786304132, 'oz5': 0.0019699533691643544, 'oz133': 0.0017921352655148061, 'oz177': 0.0017746226129558376, 'oz9': 0.0017067739247567325, 'oz131': 0.0013740060790980425, 'oz10': 0.001349654669508836, 'oz126': 0.0011619413090707357, 'oz185': 0.0007333509229980456, 'oz173': 0.0007111811348217142, 'oz11': 0.0004888498279329793, 'oz31': 0.00044285663110621014, 'oz178': 0.0003284602583776174, 'oz87': 0.00020679467901188914}","['oz252', 'oz6', 'oz5', 'oz133', 'oz9', 'Key_0_0', 'oz250', 'Key_1_1', 'oz10', 'oz126', 'oz185', 'Key_1_2', 'oz127', 'oz11', 'oz31', 'oz87', 'Key_1_3', 'oz177', 'oz131', 'oz173', 'oz178']",,,
ExtraTrees,table_0_0--Key_0_0-table_1_1.csv--Key_0_0-table_1_1.csv--Key_0_0-table_1_2.csv--Key_0_0-table_1_2.csv--Key_0_0-table_1_3.csv--Key_0_0-table_1_3.csv,MAB,superconduct,,99.47,99.47,,9.836754083781328,0,"{'range_Density': 10.393209407321066, 'wtd_std_FusionHeat': 9.305682817972718, 'wtd_gmean_ElectronAffinity': 8.345897872494302, 'wtd_std_Density': 6.347526928351067, 'wtd_entropy_ThermalConductivity': 4.905006552783215, 'std_Valence': 4.693209428878168, 'gmean_atomic_mass': 4.681783967505605, 'wtd_range_ElectronAffinity': 4.530232650740494, 'entropy_ThermalConductivity': 4.372138510935867, 'std_Density': 4.2509781865677585, 'range_FusionHeat': 4.233587292891584, 'std_FusionHeat': 3.9238277637423273, 'gmean_atomic_radius': 3.6828485315162887, 'mean_atomic_radius': 3.56482222248322, 'wtd_entropy_ElectronAffinity': 3.366271921728983, 'mean_ElectronAffinity': 3.095027280802081, 'wtd_mean_ElectronAffinity': 3.0046065744539603, 'mean_atomic_mass': 2.0818551678463892, 'mean_fie': 1.496232849953538, 'gmean_fie': 1.299733575481183, 'Key_1_2': 0.9369936417901104, 'Key_1_1': 0.7899438259084656, 'Key_1_3': 0.7604876020278384, 'Key_0_0': 0.7596006041851906}","['criticaltemp', 'gmean_fie', 'entropy_ThermalConductivity', 'mean_fie', 'mean_atomic_radius', 'wtd_gmean_ElectronAffinity', 'Key_0_0', 'std_Density', 'range_FusionHeat', 'wtd_mean_ElectronAffinity', 'wtd_entropy_ThermalConductivity', 'mean_atomic_mass', 'Key_1_1', 'wtd_std_FusionHeat', 'gmean_atomic_radius', 'wtd_range_ElectronAffinity', 'std_FusionHeat', 'mean_ElectronAffinity', 'Key_1_2', 'range_Density', 'wtd_std_Density', 'gmean_atomic_mass', 'std_Valence', 'wtd_entropy_ElectronAffinity', 'Key_1_3']",,,
XGBoost,table_0_0--Key_0_0-table_1_1.csv--Key_0_0-table_1_1.csv--Key_0_0-table_1_2.csv--Key_0_0-table_1_2.csv--Key_0_0-table_1_3.csv--Key_0_0-table_1_3.csv,MAB,superconduct,,65.23,65.23,,10.402119414253534,0,"{'range_Density': 18.455465906841802, 'wtd_gmean_ElectronAffinity': 11.751596546467814, 'wtd_std_FusionHeat': 11.493649203431069, 'gmean_atomic_mass': 4.036004233912313, 'wtd_range_ElectronAffinity': 3.705364702457532, 'range_FusionHeat': 3.6235025263710545, 'wtd_mean_ElectronAffinity': 3.508856043938313, 'wtd_std_Density': 3.3521507291959027, 'std_Valence': 3.292851371839485, 'std_Density': 3.2295152377103493, 'mean_atomic_radius': 3.092161652503057, 'gmean_atomic_radius': 3.0316512495542804, 'wtd_entropy_ThermalConductivity': 2.700751939950724, 'wtd_entropy_ElectronAffinity': 2.6632590088308907, 'entropy_ThermalConductivity': 2.541498600462307, 'mean_ElectronAffinity': 2.084958510134443, 'mean_atomic_mass': 1.68867988734596, 'mean_fie': 1.343260348208235, 'std_FusionHeat': 1.1645634112373817, 'gmean_fie': 0.9982609227988514, 'Key_1_2': 0.8628543286279609, 'Key_0_0': 0.8442738943486872, 'Key_1_3': 0.7538562074546071, 'Key_1_1': 0.7311261965096503}","['criticaltemp', 'gmean_fie', 'entropy_ThermalConductivity', 'mean_fie', 'mean_atomic_radius', 'wtd_gmean_ElectronAffinity', 'Key_0_0', 'range_FusionHeat', 'std_Density', 'wtd_mean_ElectronAffinity', 'wtd_entropy_ThermalConductivity', 'mean_atomic_mass', 'Key_1_1', 'wtd_std_FusionHeat', 'std_FusionHeat', 'gmean_atomic_radius', 'wtd_range_ElectronAffinity', 'mean_ElectronAffinity', 'Key_1_2', 'range_Density', 'gmean_atomic_mass', 'wtd_std_Density', 'std_Valence', 'wtd_entropy_ElectronAffinity', 'Key_1_3']",,,
LightGBM,table_0_0--Key_0_0-table_1_1.csv--Key_0_0-table_1_1.csv--Key_0_0-table_1_2.csv--Key_0_0-table_1_2.csv--Key_0_0-table_1_3.csv--Key_0_0-table_1_3.csv,MAB,superconduct,,107.56,107.56,,10.322238852595207,0,"{'range_Density': 19.282488048719852, 'wtd_std_FusionHeat': 15.800286540900737, 'wtd_gmean_ElectronAffinity': 11.887359593158859, 'gmean_atomic_mass': 6.393811202445042, 'std_Density': 5.059789465495531, 'range_FusionHeat': 4.363838514755363, 'gmean_atomic_radius': 3.935165903255418, 'wtd_range_ElectronAffinity': 3.712752703104087, 'wtd_entropy_ElectronAffinity': 3.4038343662793737, 'entropy_ThermalConductivity': 3.3960359083437153, 'wtd_entropy_ThermalConductivity': 3.102572642532125, 'wtd_mean_ElectronAffinity': 3.003958092155191, 'mean_atomic_radius': 2.8737707198330718, 'wtd_std_Density': 2.14675927898456, 'mean_atomic_mass': 1.659748765174274, 'std_Valence': 1.6222671897203387, 'mean_ElectronAffinity': 1.392049750200142, 'mean_fie': 1.0466939055081057, 'Key_1_2': 0.9932026251404634, 'std_FusionHeat': 0.9657399947370209, 'Key_1_1': 0.8658762852602097, 'Key_1_3': 0.8620044636282899, 'Key_0_0': 0.8501627184655517, 'gmean_fie': 0.6384509076226115}","['criticaltemp', 'gmean_fie', 'entropy_ThermalConductivity', 'mean_fie', 'mean_atomic_radius', 'wtd_gmean_ElectronAffinity', 'Key_0_0', 'range_FusionHeat', 'std_Density', 'wtd_mean_ElectronAffinity', 'wtd_entropy_ThermalConductivity', 'mean_atomic_mass', 'Key_1_1', 'wtd_std_FusionHeat', 'gmean_atomic_radius', 'wtd_range_ElectronAffinity', 'std_FusionHeat', 'mean_ElectronAffinity', 'Key_1_2', 'range_Density', 'gmean_atomic_mass', 'wtd_entropy_ElectronAffinity', 'wtd_std_Density', 'std_Valence', 'Key_1_3']",,,
RandomForest,table_0_0--Key_0_0-table_1_1.csv--Key_0_0-table_1_1.csv--Key_0_0-table_1_2.csv--Key_0_0-table_1_2.csv--Key_0_0-table_1_3.csv--Key_0_0-table_1_3.csv,MAB,superconduct,,173.79,173.79,,9.975012100621717,0,"{'range_Density': 26.56429242584968, 'wtd_std_FusionHeat': 15.532915795056368, 'wtd_gmean_ElectronAffinity': 11.419088380209214, 'gmean_atomic_mass': 11.324779803050594, 'std_Density': 9.087293106105914, 'entropy_ThermalConductivity': 6.492839179419451, 'wtd_entropy_ThermalConductivity': 6.0711505984833325, 'wtd_range_ElectronAffinity': 5.016448021698599, 'wtd_std_Density': 4.303429309695085, 'mean_ElectronAffinity': 4.2945903120942885, 'range_FusionHeat': 3.841174259460505, 'wtd_entropy_ElectronAffinity': 3.8166626431755035, 'wtd_mean_ElectronAffinity': 3.2657308756406516, 'std_Valence': 2.3251048808606294, 'mean_atomic_mass': 1.8750529703737104, 'gmean_atomic_radius': 1.4702247202439405, 'mean_atomic_radius': 1.3969514193261443, 'std_FusionHeat': 1.1749095821228233, 'gmean_fie': 0.9185842851733963, 'mean_fie': 0.8158973363316047, 'Key_1_2': 0.784803623789661, 'Key_1_1': 0.7089221841800691, 'Key_0_0': 0.6712111780654564, 'Key_1_3': 0.6294952588273697}","['criticaltemp', 'gmean_fie', 'entropy_ThermalConductivity', 'mean_fie', 'mean_atomic_radius', 'wtd_gmean_ElectronAffinity', 'Key_0_0', 'range_FusionHeat', 'std_Density', 'wtd_entropy_ThermalConductivity', 'wtd_mean_ElectronAffinity', 'mean_atomic_mass', 'Key_1_1', 'wtd_std_FusionHeat', 'gmean_atomic_radius', 'wtd_range_ElectronAffinity', 'std_FusionHeat', 'mean_ElectronAffinity', 'Key_1_2', 'range_Density', 'gmean_atomic_mass', 'wtd_std_Density', 'wtd_entropy_ElectronAffinity', 'std_Valence', 'Key_1_3']",,,
